category,kernel,isl32768_osl1024_c4,total
comm,ncclDevKernel_Generic_1,1324637.1660000002,1324637.1660000002
memcpy,Memcpy HtoD,1190058.3762499997,1190058.3762499997
gemm,Cijk_Alik_Bljk_BBS_BH_Bias_HA_S_SAV_UserArgs_MT256x256x64_MI16x16x1_CMS_SN_LDSB…,760866.54475,760866.54475
moe,mfma_moe1_silu_mul_afp4_wfp4_fp4_t32x64x256_pm1_fp4q_sort_async_xcd4_v2out_v33,514432.64725,514432.64725
comm,aiter::cross_device_reduce_1stage,374312.733,374312.733
attention,reshape_and_cache_flash,351914.49275000003,351914.49275000003
moe,mfma_moe1_silu_mul_afp4_wfp4_fp4_t64x128x256_pm1_fp4q_sort_async_xcd4_v2out_v33,277080.86325,277080.86325
gemm,gemm2_a4w4_port_hmax8192_imax256_bm64_bn128_bk256_reduce_tk10_persist_cu256_bho…,254260.781,254260.781
norm,_gemma_fused_add_rmsnorm_kernel,251391.322,251391.322
norm,_layer_norm_fwd_1pass_kernel,239724.58424999999,239724.58424999999
gemm,gemm2_a4w4_port_hmax8192_imax256_bm32_bn128_bk256_nt_reduce_tk10_bhoist_apf_spa…,236252.3,236252.3
gemm,Cijk_Alik_Bljk_BBS_BH_Bias_HA_S_SAV_UserArgs_MT32x16x1024_MI16x16x1_SN_LDSB1_AF…,233320.57799999998,233320.57799999998
moe,moe_reduction_kernel_0,230175.56225,230175.56225
other,chunk_fwd_kernel_o,204856.4555,204856.4555
moe,vllm::moe::topkGatingSoftmax,194602.02775,194602.02775
gemm,hgemm_bf16_16x64x64x8_SPK8_W1x2x1_BLDS1_TN_AS1_0,185507.41249999998,185507.41249999998
moe,aiter::opus_moe_sorting_entry,180259.67974999998,180259.67974999998
moe,aiter::mxfp4_moe_sort_kernel,179873.09025,179873.09025
linear_attn,chunk_gated_delta_rule_fwd_kernel_h_blockdim64,168569.47175000003,168569.47175000003
linear_attn,fused_sigmoid_gating_delta_rule_update_kernel,158017.11424999998,158017.11424999998
linear_attn,_fused_gate_sigmoid_mul_add_kernel,134537.6065,134537.6065
attention,aiter::fmha_fwd_hd256_fp8_causal_group_gfx950,133012.30325,133012.30325
gemm,hgemm_bf16_16x64x256x3_SPK2_W1x1x2_BLDS1_TN_AS1_0,127095.17450000001,127095.17450000001
gemm,Cijk_Alik_Bljk_BBS_BH_Bias_HA_S_SAV_UserArgs_MT256x16x128_MI16x16x1_SN_LDSB1_AF…,113037.16174999998,113037.16174999998
attention,vattn_asm,103690.28874999999,103690.28874999999
moe,aiter::fused_mx_quant_moe_sort_kernel,98231.3035,98231.3035
gemm,_gemm_a16_w16_kernel_BLOCK_SIZE_M_16_BLOCK_SIZE_N_16_BLOCK_SIZE_K_256_GROUP_SIZ…,97889.615,97889.615
elementwise,fused_qkvzba_split_reshape_cat_contiguous_kernel,84187.67475,84187.67475
activation,sgl_hip::activation::act_and_mul_kernel,83072.1515,83072.1515
gemm,Cijk_Alik_Bljk_BBS_BH_Bias_HA_S_SAV_UserArgs_MT16x16x128_MI16x16x1_SN_LDSB0_AFC…,78743.16125,78743.16125
linear_attn,fused_qkv_split_gdn_prefill_kernel,71773.457,71773.457
other,at::native::cunn_SoftMaxForwardGmem,71636.05725,71636.05725
moe,ck::kernel_moe_gemm,69942.80475,69942.80475
elementwise,at::native::reduce_kernel,64336.93749999999,64336.93749999999
linear_attn,_causal_conv1d_update_kernel,61203.79375,61203.79375
elementwise,at::native::vectorized_elementwise_kernel,57894.655,57894.655
linear_attn,_causal_conv1d_fwd_kernel,41834.7635,41834.7635
norm,_fused_qk_gemma_rmsnorm_gate_kernel,40848.270500000006,40848.270500000006
elementwise,at::native::elementwise_kernel_manual_unroll,38717.61975,38717.61975
index_copy,at::native::elementwise_kernel_manual_unroll,38412.82975,38412.82975
comm,aiter::allgather_vec,37774.47175,37774.47175
sampling,generate_draft_decode_kv_indices,30078.36025,30078.36025
index_copy,at::native::vectorized_elementwise_kernel,28650.584499999997,28650.584499999997
other,_triton_mrope_forward_fused,26723.474000000002,26723.474000000002
memcpy,Memcpy DtoD,26303.8205,26303.8205
activation,_fused_sigmoid_mul_kernel,26191.94875,26191.94875
moe,ck::kernel_moe_gemm_2lds,25162.754500000003,25162.754500000003
linear_attn,chunk_gated_delta_rule_fwd_kkt_solve_kernel,24680.67975,24680.67975
other,vred_asm,24506.9015,24506.9015
linear_attn,recompute_w_u_fwd_kernel,22475.18675,22475.18675
sampling,at::native::reduce_kernel,21284.7615,21284.7615
index_copy,at::native::index_elementwise_kernel,18938.26225,18938.26225
attention,create_flashinfer_kv_indices_triton,18440.51275,18440.51275
linear_attn,_fused_mamba_state_scatter_with_mask_kernel,18386.434,18386.434
index_copy,at::native::CatArrayBatchedCopy_contig,17966.56725,17966.56725
quant,aiter::dynamic_per_group_scaled_quant_kernel,15602.00375,15602.00375
norm,_gemma_rmsnorm_kernel,15565.115,15565.115
elementwise,elementwise_kernel_with_index,11073.38775,11073.38775
index_copy,at::native::CatArrayBatchedCopy,10205.233250000001,10205.233250000001
gemm,Cijk_Alik_Bljk_BBS_BH_Bias_HA_S_SAV_UserArgs_MT256x16x64_MI16x16x1_SN_LDSB1_AFC…,8811.29525,8811.29525
embedding,at::native::vectorized_gather_kernel,6926.825,6926.825
gemm,Cijk_Alik_Bljk_BBS_BH_Bias_HA_S_SAV_UserArgs_MT32x16x512_MI16x16x1_SN_LDSB1_AFC…,6884.668,6884.668
embedding,_vocab_parallel_embedding_kernel,6703.8475,6703.8475
other,__amd_rocclr_copyBuffer,6103.78925,6103.78925
linear_attn,l2norm_fwd_kernel,5980.52175,5980.52175
gemm,Cijk_Alik_Bljk_BBS_BH_Bias_HA_S_SAV_UserArgs_MT32x192x128_MI16x16x1_SN_LDSB1_AF…,5911.9745,5911.9745
gemm,Cijk_Alik_Bljk_BBS_BH_Bias_HA_S_SAV_UserArgs_MT16x16x1024_MI16x16x1_SN_LDSB1_AF…,5121.1755,5121.1755
elementwise,at::native::multi_tensor_apply_kernel,4988.34,4988.34
moe,_fused_append_shared_experts_with_weights_kernel,4001.5107499999995,4001.5107499999995
other,ROCPRIM_400200_NS::detail::trampoline_kernel,3935.99575,3935.99575
kv_cache,scatter_ragged_to_page_table_kernel,3844.2954999999993,3844.2954999999993
gemm,Cijk_SB_BiasS_HAS_ScaleAlphaVec_PostGSU16_VW4,3753.3495,3753.3495
gemm,hgemm_bf16_16x64x128x3_SPK4_W1x2x1_BLDS1_TN_AS1_0,3744.4055,3744.4055
linear_attn,fused_gdn_gating_kernel,3371.994,3371.994
quant,at::native::vectorized_elementwise_kernel,3023.9214999999995,3023.9214999999995
elementwise,_fused_conv_window_scatter_multi_kernel,3019.7245000000003,3019.7245000000003
gemm,hgemm_bf16_16x64x64x6_SPK8_W1x2x1_BLDS1_TN_AS1_0,2951.103,2951.103
other,chunk_local_cumsum_scalar_kernel,2727.19025,2727.19025
elementwise,triton_poi_fused_add_arange_floor_divide_index_max_unsqueeze_view_2,2672.97975,2672.97975
elementwise,triton_poi_fused_gather_max_view_1,2634.072,2634.072
elementwise,triton_poi_fused_max_mul_unsqueeze_view_0,2629.56075,2629.56075
elementwise,triton_poi_fused_add_max_view_3,2505.4605,2505.4605
gemm,Cijk_Alik_Bljk_BBS_BH_Bias_HA_S_SAV_UserArgs_MT32x224x128_MI16x16x1_SN_LDSB1_AF…,2060.903,2060.903
sampling,build_tree_efficient,1873.3215,1873.3215
other,VerifyTreeGreedy,1661.1975,1661.1975
memcpy,Memcpy DtoH,1437.47725,1437.47725
kv_cache,scatter_req_to_token_to_page_table_kernel,1327.59475,1327.59475
other,compute_position_kernel,1323.1875,1323.1875
index_copy,at::native::unrolled_elementwise_kernel,1281.71,1281.71
sampling,assign_draft_cache_locs_contiguous,1254.366,1254.366
elementwise,_fused_replay_state_indices_kernel,1246.617,1246.617
elementwise,at::native::_scatter_gather_elementwise_kernel,1245.9707499999997,1245.9707499999997
other,assign_extend_cache_locs_uniform,1229.42575,1229.42575
other,fill_bonus_tokens,1199.567,1199.567
other,_gather_rows_kernel,1190.93575,1190.93575
other,alloc_extend_kernel,615.64575,615.64575
other,_get_last_loc_safe_kernel,422.49875,422.49875
other,assign_req_to_token_pool,334.318,334.318
other,compute_cuda_kernel,297.96525,297.96525
other,write_req_to_token_pool_triton,130.60649999999998,130.60649999999998
other,aiter::greedy_sample_kernel,67.73649999999999,67.73649999999999
memset,Memset,31.68925,31.68925
kv_cache,_fused_slot_clear_kernel,17.497,17.497
other,ROCPRIM_400200_NS::detail::init_lookback_scan_state_kernel,16.37225,16.37225
