run,phase,calls,total_us,kernels,ranks,total_us_per_rank,pct_of_run
isl32768_osl1024_c4,EXTEND,41288,17410431.113,55,4,4352607.77825,45.045293855282516
isl32768_osl1024_c4,TARGET_VERIFY,1756800,13224694.977,33,4,3306173.74425,34.21571054266654
isl32768_osl1024_c4,scheduler.run_batch,90208,5305276.1559999995,22,4,1326319.0389999999,13.726123257913127
isl32768_osl1024_c4,draft,164400,1688387.75,39,4,422096.9375,4.3682963303316145
isl32768_osl1024_c4,draft_extend,91372,937164.25,36,4,234291.0625,2.424686600689314
isl32768_osl1024_c4,scheduler.get_next_batch_to_run,4276,39493.441,10,4,9873.36025,0.1021797589993579
isl32768_osl1024_c4,nccl:broadcast,3600,32641.467,1,4,8160.36675,0.08445192788963347
isl32768_osl1024_c4,copy_result_to_cpu,2416,9056.446,1,4,2264.1115,0.023431371038818795
isl32768_osl1024_c4,scheduler.process_batch_result,284,3797.979,5,4,949.49475,0.009826355189071073
