site,stage,count,cpu_ms
AITER update_single_wrapper,target step[EXTEND bs=1 toks=32768],1,0.0185
AITER update_single_wrapper,draft step[EXTEND bs=1 toks=32768],1,553.428193
AITER update_single_wrapper,target step[EXTEND bs=2 toks=32766],1,0.029068999999999998
AITER update_single_wrapper,draft step[EXTEND bs=2 toks=32766],1,579.846269
AITER update_single_wrapper,target step[EXTEND bs=2 toks=32768],1,0.018719
AITER forward_extend,target step[EXTEND bs=2 toks=32768],75,558.9892249999999
AITER update_single_wrapper,draft step[EXTEND bs=2 toks=32768],1,7.343979999999999
AITER forward_extend,draft step[EXTEND bs=2 toks=32768],5,6.099803000000001
AITER update_single_wrapper,target step[EXTEND bs=1 toks=32464],1,8.376816999999999
AITER forward_extend,target step[EXTEND bs=1 toks=32464],75,534.299133
AITER update_single_wrapper,draft step[EXTEND bs=1 toks=32464],1,6.261093
AITER forward_extend,draft step[EXTEND bs=1 toks=32464],5,5.869708999999999
