phase,layer,attention_type,AMD_calls_per_forward,AMD_gpu_us_per_forward,NVIDIA_calls_per_forward,NVIDIA_gpu_us_per_forward
Prefill,0,linear_attention,52.25,9088.29,49.5,7010.325
Prefill,1,linear_attention,42.25,9006.849,38.5,6824.855
Prefill,2,linear_attention,42.25,9002.939,38.5,6813.861
Prefill,3,full_attention,44.25,9352.681,24.5,7069.868
Prefill,4,linear_attention,42.25,9017.818,38.5,6804.616
Prefill,5,linear_attention,42.25,9049.197,38.5,6771.424
Prefill,6,linear_attention,42.25,9027.288,38.5,6771.824
Prefill,7,full_attention,44.25,9410.602,24.5,7010.581
Prefill,8,linear_attention,42.25,9005.659,38.5,6768.229
Prefill,9,linear_attention,42.5,169351.354,38.5,6763.126
Prefill,10,linear_attention,42.25,9033.546,38.5,6779.094
Prefill,11,full_attention,44.25,9394.515,24.5,7022.35
Prefill,12,linear_attention,42.25,9010.46,38.5,6798.8
Prefill,13,linear_attention,42.25,9057.88,38.5,6784.432
Prefill,14,linear_attention,42.25,9034.239,38.5,6781.464
Prefill,15,full_attention,44.25,9342.835,24.5,7041.464
Prefill,16,linear_attention,42.25,9014.026,38.5,6805.519
Prefill,17,linear_attention,42.25,9064.791,38.5,6796.546
Prefill,18,linear_attention,42.25,9029.399,38.5,6793.311
Prefill,19,full_attention,44.25,9417.112,24.5,7053.295
Prefill,20,linear_attention,42.25,9022.358,38.5,6796.383
Prefill,21,linear_attention,42.25,9036.559,38.5,6776.4
Prefill,22,linear_attention,42.25,9078.278,38.5,6767.135
Prefill,23,full_attention,44.25,9262.439,24.5,6986.218
Prefill,24,linear_attention,42.25,9047.701,38.5,6775.607
Prefill,25,linear_attention,42.25,9069.348,38.5,6770.503
Prefill,26,linear_attention,42.25,9021.387,38.5,6796.303
Prefill,27,full_attention,44.25,9313.8,24.5,7009.112
Prefill,28,linear_attention,42.25,9030.448,38.5,6783.341
Prefill,29,linear_attention,42.25,9094.089,38.5,6788.886
Prefill,30,linear_attention,42.25,9040.05,38.5,6778.581
Prefill,31,full_attention,44.25,9401.845,24.5,7020.158
Prefill,32,linear_attention,42.25,9074.887,38.5,6781.862
Prefill,33,linear_attention,42.25,9049.489,38.5,6777.722
Prefill,34,linear_attention,42.25,9077.3,38.5,6801.08
Prefill,35,full_attention,44.25,9459.416,24.5,7053.983
Prefill,36,linear_attention,42.25,9046.238,38.5,6802.647
Prefill,37,linear_attention,42.25,9117.886,38.5,6815.089
Prefill,38,linear_attention,42.25,9056.026,38.5,6807.585
Prefill,39,full_attention,44.25,78998.736,24.5,7095.71
Prefill,40,linear_attention,42.25,9079.247,38.5,6820.364
Prefill,41,linear_attention,42.25,9116.228,38.5,6798.635
Prefill,42,linear_attention,42.25,9066.918,38.5,6812.087
Prefill,43,full_attention,44.25,9400.488,24.5,7061.653
Prefill,44,linear_attention,42.25,9044.748,38.5,6816.858
Prefill,45,linear_attention,42.25,9080.501,38.5,6825.263
Prefill,46,linear_attention,42.0,9101.657,38.5,6811.847
Prefill,47,full_attention,44.25,9421.725,24.5,7070.235
Prefill,48,linear_attention,42.25,9077.308,38.5,6830.452
Prefill,49,linear_attention,42.25,9099.108,38.5,6827.375
Prefill,50,linear_attention,42.25,9036.627,38.5,6843.717
Prefill,51,full_attention,44.25,9512.167,24.5,7074.804
Prefill,52,linear_attention,42.25,9072.386,38.5,6861.336
Prefill,53,linear_attention,42.25,9071.037,38.5,6865.505
Prefill,54,linear_attention,42.25,9070.712,38.5,6864.325
Prefill,55,full_attention,44.25,9404.108,24.5,7108.764
Prefill,56,linear_attention,42.25,9043.03,38.5,6829.264
Prefill,57,linear_attention,42.25,9041.629,38.5,6831.438
Prefill,58,linear_attention,42.25,9048.989,38.5,6819.526
Prefill,59,full_attention,44.25,9456.411,24.5,7077.142
Decode (TARGET_VERIFY),0,linear_attention,18.0,164.256,24.0,148.929
Decode (TARGET_VERIFY),1,linear_attention,18.0,160.559,24.0,151.616
Decode (TARGET_VERIFY),2,linear_attention,18.0,162.236,24.0,151.874
Decode (TARGET_VERIFY),3,full_attention,19.0,218.983,24.0,156.849
Decode (TARGET_VERIFY),4,linear_attention,18.0,163.391,24.0,151.46
Decode (TARGET_VERIFY),5,linear_attention,18.0,162.339,24.0,150.038
Decode (TARGET_VERIFY),6,linear_attention,18.0,162.384,24.0,149.976
Decode (TARGET_VERIFY),7,full_attention,19.0,226.738,24.0,158.393
Decode (TARGET_VERIFY),8,linear_attention,18.0,163.355,24.0,150.917
Decode (TARGET_VERIFY),9,linear_attention,18.0,162.068,24.0,149.058
Decode (TARGET_VERIFY),10,linear_attention,18.0,162.626,24.0,151.124
Decode (TARGET_VERIFY),11,full_attention,19.0,221.568,24.0,158.788
Decode (TARGET_VERIFY),12,linear_attention,18.0,162.858,24.0,147.5
Decode (TARGET_VERIFY),13,linear_attention,18.0,161.876,24.0,148.993
Decode (TARGET_VERIFY),14,linear_attention,18.0,160.675,24.0,150.134
Decode (TARGET_VERIFY),15,full_attention,19.0,225.214,24.0,158.432
Decode (TARGET_VERIFY),16,linear_attention,18.0,161.831,24.0,148.537
Decode (TARGET_VERIFY),17,linear_attention,18.0,160.335,24.0,147.766
Decode (TARGET_VERIFY),18,linear_attention,18.0,159.066,24.0,147.694
Decode (TARGET_VERIFY),19,full_attention,19.0,225.341,24.0,156.28
Decode (TARGET_VERIFY),20,linear_attention,18.0,161.381,24.0,147.808
Decode (TARGET_VERIFY),21,linear_attention,18.0,159.513,24.0,148.517
Decode (TARGET_VERIFY),22,linear_attention,18.0,159.44,24.0,146.784
Decode (TARGET_VERIFY),23,full_attention,19.0,224.932,24.0,153.044
Decode (TARGET_VERIFY),24,linear_attention,18.0,160.81,24.0,145.773
Decode (TARGET_VERIFY),25,linear_attention,18.0,158.857,24.0,146.856
Decode (TARGET_VERIFY),26,linear_attention,18.0,159.899,24.0,146.203
Decode (TARGET_VERIFY),27,full_attention,19.0,224.052,24.0,153.679
Decode (TARGET_VERIFY),28,linear_attention,18.0,160.043,24.0,144.708
Decode (TARGET_VERIFY),29,linear_attention,18.0,159.359,24.0,142.728
Decode (TARGET_VERIFY),30,linear_attention,18.0,159.509,24.0,145.924
Decode (TARGET_VERIFY),31,full_attention,19.0,225.266,24.0,153.132
Decode (TARGET_VERIFY),32,linear_attention,18.0,161.558,24.0,144.645
Decode (TARGET_VERIFY),33,linear_attention,18.0,160.323,24.0,142.373
Decode (TARGET_VERIFY),34,linear_attention,18.0,160.751,24.0,144.64
Decode (TARGET_VERIFY),35,full_attention,19.0,225.576,24.0,153.093
Decode (TARGET_VERIFY),36,linear_attention,18.0,161.342,24.0,143.389
Decode (TARGET_VERIFY),37,linear_attention,18.0,161.433,24.0,144.563
Decode (TARGET_VERIFY),38,linear_attention,18.0,161.648,24.0,143.919
Decode (TARGET_VERIFY),39,full_attention,19.0,225.527,24.0,151.819
Decode (TARGET_VERIFY),40,linear_attention,18.0,160.948,24.0,143.405
Decode (TARGET_VERIFY),41,linear_attention,18.0,159.96,24.0,146.024
Decode (TARGET_VERIFY),42,linear_attention,18.0,159.433,24.0,145.003
Decode (TARGET_VERIFY),43,full_attention,19.0,225.012,24.0,153.11
Decode (TARGET_VERIFY),44,linear_attention,18.0,160.199,24.0,143.492
Decode (TARGET_VERIFY),45,linear_attention,18.0,158.883,24.0,144.59
Decode (TARGET_VERIFY),46,linear_attention,18.0,158.769,24.0,146.287
Decode (TARGET_VERIFY),47,full_attention,19.0,223.949,24.0,151.559
Decode (TARGET_VERIFY),48,linear_attention,18.0,161.029,24.0,145.227
Decode (TARGET_VERIFY),49,linear_attention,18.0,159.947,24.0,144.462
Decode (TARGET_VERIFY),50,linear_attention,18.0,159.652,24.0,143.464
Decode (TARGET_VERIFY),51,full_attention,19.0,225.068,24.0,152.766
Decode (TARGET_VERIFY),52,linear_attention,18.0,160.736,24.0,145.312
Decode (TARGET_VERIFY),53,linear_attention,18.0,158.98,24.0,145.91
Decode (TARGET_VERIFY),54,linear_attention,18.0,157.54,24.0,141.829
Decode (TARGET_VERIFY),55,full_attention,19.0,223.289,24.0,147.329
Decode (TARGET_VERIFY),56,linear_attention,18.0,159.006,24.0,141.54
Decode (TARGET_VERIFY),57,linear_attention,18.0,157.492,24.0,139.188
Decode (TARGET_VERIFY),58,linear_attention,18.0,158.225,24.0,140.256
Decode (TARGET_VERIFY),59,full_attention,19.0,223.211,24.0,146.317
