id,title,kind,feasibility,mechanism,overlap,Prefill_pool_ms,Prefill_calls_per_forward,Prefill_latency_reduction_pct_at_25,Prefill_latency_reduction_pct_at_50,Prefill_latency_reduction_pct_at_75,Decode_pool_ms,Decode_calls_per_forward,Decode_latency_reduction_pct_at_25,Decode_latency_reduction_pct_at_50,Decode_latency_reduction_pct_at_75,cycle_reduction_pct_at_50,captured_window_reduction_pct_at_50
F03,Q/K normalization + M-RoPE,fusion,High-priority prototype,Extend Q/K/gate kernel to apply rotary embedding. Pool is standalone rotary pass. Preserve Gemma RMSNorm semantics.,F04,1.7115499999999997,15.0,0.06092460747238481,0.12184921494476962,0.18277382241715445,0.0694794193548387,15.0,0.15359236096459475,0.3071847219291895,0.4607770828937843,0.2425948583853283,0.13268681567235444
F04,Q/K normalization + M-RoPE + KV-cache write,fusion,Medium,"Alternative to F03: eliminate rotary/cache intermediates. Pool is rotary and cache kernels. Preserve current KV precision, scaling, layout, and write ordering.",F03,2.0752554999999995,30.0,0.07387112660594647,0.14774225321189294,0.2216133798178394,0.13226838709677535,30.0,0.29239469822595543,0.5847893964519109,0.8771840946778662,0.4618292860612881,0.182831471610288
F05,Full-attention output/segment reduction + sigmoid gate,fusion,High-priority prototype,Prefill: gate in attention output epilogue. Decode: gate in reduce_segments final store. Pool is gate-only kernel. Does not eliminate segment reduction.,T03 touches same attention implementation,0.930588,15.0,0.03312535924659615,0.0662507184931923,0.09937607773978845,0.06268970967741941,15.0,0.13858291573171141,0.27716583146342283,0.4157487471951342,0.21888785747821268,0.08352921015652737
F06,Linear input GEMM epilogue emits final QKV/Z/B/A layout,fusion,Medium,Remove standalone layout pass using projection epilogue or a consumer reading original layout. Two separate projections must complete before combined consumers run.,F07,6.013010999999997,45.0,0.2140401010207893,0.4280802020415786,0.6421203030623679,0.20643683870968044,45.0,0.4563527119528081,0.9127054239056162,1.3690581358584242,0.7207964044219097,0.44894401599820755
F07,Linear convolution consumes projection layout and emits split Q/K/V,fusion,High-priority prototype,Fuse layout/split work around FlyDSL prefill conv or decode conv update. Pool is the two layout kernels; convolution time is retained. Preserve state update and Z/B/A branches.,"F06,F08,F10",8.895193499999996,90.0,0.31663473014426025,0.6332694602885205,0.9499041904327807,0.41397816129031834,90.0,0.9151470143357447,1.8302940286714895,2.7454410430072342,1.4454492329583533,0.7137631234743127
F08,Prefill conv epilogue + Q/K L2 norm + gating/split,fusion,Medium,"Normalize Q/K and emit gates from conv output; row reductions and gate inputs require a compatible tile. Pool is split/gating/L2 passes, not convolution arithmetic.","F07,F09",5.2516295000000035,180.0,0.18693784340387182,0.37387568680774363,0.5608135302116154,0.0,0.0,0.0,0.0,0.0,0.0,0.3096965311776739
F09,Prefill gating + chunk-local cumulative sum,fusion,Medium,Compute gating and chunk scan in one kernel. Retain the scan dependency; pool is separate cumsum time.,F08; T04 may redesign this boundary,0.6598564999999998,45.0,0.023488357483334804,0.04697671496666961,0.07046507245000441,0.0,0.0,0.0,0.0,0.0,0.0,0.038912735394802805
F10,Decode delta update consumes packed conv output,fusion,Medium,Alternative consumer-side split elimination: update reads conv layout directly. Preserve speculative state/rollback semantics.,F07,0.0,0.0,0.0,0.0,0.0,0.20754132258064834,45.0,0.4587943023829598,0.9175886047659196,1.3763829071488796,0.7246528285364799,0.09485244808572534
F11,Linear attention output + gated RMSNorm,fusion,Medium,Prefill chunk output or decode recurrence epilogue applies existing gated RMSNorm; cross-channel reduction can raise registers and reduce occupancy. Pool is standalone norm.,"F12,F14",3.4106625000000004,45.0,0.12140648770604581,0.24281297541209163,0.3642194631181374,0.1933865806451634,45.0,0.4275035942437261,0.8550071884874522,1.2825107827311784,0.675230026112316,0.28951524142824453
F12,KKT solve + recompute W/U,fusion research,Research,"Pool is BOTH kernels, not removable overhead. Savings percentages model faster combined execution; triangular solve/tiling/global dependencies may prevent useful fusion.",T04,11.778822,90.0,0.41928083131494304,0.8385616626298861,1.2578424939448292,0.0,0.0,0.0,0.0,0.0,0.0,0.6946149408977287
F13,Chunk state recurrence + output calculation,fusion research,Research,Pool is BOTH compute kernels. Requires dependency-aware persistent/chunk scheduling; do not treat recurrent computation as removable.,"F11,T04",52.254138999999974,90.0,1.8600466871446548,3.7200933742893096,5.580140061433964,0.0,0.0,0.0,0.0,0.0,0.0,3.0815055761218466
F14,Gated RMSNorm + attention output projection,fusion research,Research,Alternative to F11: projection consumes normalization inline. Norm reduction and GEMM tiling may require recomputation or synchronization.,F11,3.4106625000000004,45.0,0.12140648770604581,0.24281297541209163,0.3642194631181374,0.1933865806451634,45.0,0.4275035942437261,0.8550071884874522,1.2825107827311784,0.675230026112316,0.28951524142824453
F15,Shared-expert down projection + shared/routed output combination,fusion,Medium,Fuse combination into the last completed producer or consumer; need both expert paths and correct gate. Pool is combination pass.,"F02,F20; alternative epilogue placement",10.840389,60.0,0.38587622019395185,0.7717524403879037,1.1576286605818555,0.2838670967741951,60.0,0.6275213293168854,1.2550426586337708,1.8825639879506564,0.9911524704962037,0.7690096850152055
F16,Shared-expert gate/up GEMM + SiLU-and-multiply,fusion,High-priority prototype,GEMM epilogue produces activated shared-expert intermediate. Pool is separate activation; preserve both gate/up halves.,Shared-expert overlap can hide some savings,0.9729630000000004,60.0,0.03463374652224824,0.06926749304449648,0.10390123956674471,0.2723326129032313,60.0,0.6020230072713085,1.204046014542617,1.8060690218139255,0.9508785806564861,0.18184105981200988
F17,TopK routing + MoE sorting/workspace passes,fusion,Medium,Reduce routing/sorting passes and initialization through a coordinated routing backend. Pool is sorting only. Global histogram/prefix dependencies can still require multiple launches.,"F18,F19; do not simply delete global scans",3.8448280000000015,240.0,0.1368611122659779,0.2737222245319558,0.41058333679793374,0.0,0.0,0.0,0.0,0.0,0.0,0.22673531988019968
F18,MXFP4 quantization + token permutation,fusion,Medium,Quantize directly to expert-consumption layout. Pool is permutation passes only; quantization retained. Reuse scales without excess token duplication.,"F17,F19",3.3532305000000036,120.0,0.1193621290508188,0.2387242581016376,0.3580863871524564,0.0,0.0,0.0,0.0,0.0,0.0,0.19774507209413333
F19,First expert GEMM epilogue + intermediate FP4 quantization/permutation,fusion,Medium,Pool uses half of quantization time (one of two calls per layer) plus second permutation. Requires correct per-group scales and output packing; no extra SiLU saving because moe1 already fuses it.,"F18,T05",3.4509682500000016,120.0,0.12284121762783025,0.2456824352556605,0.36852365288349076,0.0,0.0,0.0,0.0,0.0,0.0,0.2035088149743403
F20,MoE weighted reduction + shared-expert combination,fusion,High-priority prototype,Use moe_reduction_kernel_0 final stores to combine shared expert. Pool is combination only; weighted reduction retained.,"F02,F15",10.840389,60.0,0.38587622019395185,0.7717524403879037,1.1576286605818555,0.0,0.0,0.0,0.0,0.0,0.0,0.639274128138059
F21,Second expert GEMM + weighted expert-output reduction,fusion research,Research/high upside,"Avoid materializing expert outputs or use tile-owned accumulation. Global expert-to-token reduction, atomics, determinism and precision can erase gains. Pool is standalone reduction.",T05; F20 can follow only if dependencies allow,33.59119950000001,60.0,1.1957177085472641,2.3914354170945282,3.5871531256417923,0.0,0.0,0.0,0.0,0.0,0.0,1.9809238186447098
F22,Input/post-attention normalization + GEMM or quantization consumer,fusion research,Research,"Alternative placement to F01. Reduction dimensions and shared consumers can force recomputation. Pool is normalization, not GEMM time.","F01,F02",21.840675500000017,121.0,0.7774441773650977,1.5548883547301955,2.3323325320952932,0.519198903225806,121.0,1.1477497379391395,2.295499475878279,3.443249213817418,1.8128387596133586,1.525266721626005
F23,Decode router TopK + existing fused MoE,fusion research,Research,Integrate routing only if expert selection can feed persistent/block scheduling without duplicate work. Decode experts already run as one fused aiter::fmoe kernel.,T02; do not re-count already fused expert stages,0.0,0.0,0.0,0.0,0.0,0.5868822903225803,60.0,1.2973717600977082,2.5947435201954163,3.8921152802931243,2.049162578382259,0.26822235342372575
F24,Merge QKV/Z and B/A input projections,fusion research,Medium/requires GEMM study,"Pool is BOTH projection GEMMs, not removable overhead. Concatenate compatible weights and use one GEMM or grouped launch, with custom output layout. Shape/precision compatibility and changed tiling determine whether it helps.","F06,F07,T06",50.442751499999986,90.0,1.7955682480585142,3.5911364961170285,5.3867047441755425,0.9684624193548401,90.0,2.1408991450334303,4.2817982900668605,6.42269743510029,3.3814906004757486,3.4173009376320076
F25,Decode convolution state update + gated delta recurrence,fusion research,Research,"Pool is BOTH compute kernels. Conv and recurrent states have different layouts; verify query-order dependencies, speculative state snapshots and rollback before considering a persistent fused kernel.","F07,F10,F11",0.0,0.0,0.0,0.0,0.0,0.6876495161290246,90.0,1.5201294668140117,3.0402589336280235,4.560388400442036,2.401002174933152,0.3142759197000714
F26,Router projection epilogue + TopK/softmax,fusion research,Research,Alternative to F23: router GEMM emits top-k selections. Global expert-dimension reduction may not fit the GEMM epilogue; exact routing and scoring semantics must be preserved. Pool is TopK only.,"F17,F23,T06",2.198426999999999,60.0,0.0782555590147483,0.1565111180294966,0.2347666770442449,0.5868822903225803,60.0,1.2973717600977082,2.5947435201954163,3.8921152802931243,2.049162578382259,0.3978669172581203
T02,Tune existing decode fused MXFP4 MoE,kernel tuning,Highest decode compute priority,"Tune persistent scheduling, expert tiling, weight loads and occupancy for recorded batch shape; pool is whole existing fused MoE.",F23,0.0,0.0,0.0,0.0,0.0,3.12290796774194,60.0,6.903552336714006,13.807104673428013,20.71065701014202,10.903968732317972,1.4272601822301398
T03,Tune decode full attention and split count,kernel tuning,High-priority prototype,"Tune NUM_SEGMENTS_PER_SEQ=128, query tiling, and reduction; fewer segments trades occupancy for reduction cost. Pool is attention+reduction. Keep BF16 Q and FP8 KV; NVIDIA FP8-Q path is not a precision-equivalent target.",F05 touches same output stage,0.0,0.0,0.0,0.0,0.0,1.2173627096774196,30.0,2.691122269958778,5.382244539917556,8.073366809876335,4.250552708990162,0.55637032560735
T04,Tune prefill GDN state kernel,kernel tuning,Secondary,Pool is recurrence computation. AMD is already faster than NVIDIA for this named stage in these traces. Tune only after larger bottlenecks.,"F12,F13",43.090677,45.0,1.533862628578961,3.067725257157922,4.601587885736882,0.0,0.0,0.0,0.0,0.0,0.0,2.5411223683996678
T05,Tune prefill MXFP4 expert GEMMs,kernel tuning,High-impact but implementation-heavy,"Pool is two expert GEMMs on unaffected prefill passes. Tune tile sizes, traffic and expert imbalance; malformed duration records excluded.","F19,F21",71.95423499999995,120.0,2.5612944543546674,5.122588908709335,7.683883363064001,0.0,0.0,0.0,0.0,0.0,0.0,4.243250020406646
T06,Tune input/output/shared/router GEMMs,kernel tuning,High-impact broad tuning,Pool includes all target-step GEMMs including logits. Use per-module shapes; compare alternative kernels within AMD. Improvements here are not the same as deleting GEMMs.,"F06,F14,F16,F22; use per-kernel union accounting",111.68125800000003,346.0,3.9754239173101222,7.9508478346202445,11.926271751930367,2.5373558064516386,346.0,5.6091209819960826,11.218241963992165,16.82736294598825,8.85945044237704,7.745658363794749
T07,Overlap shared expert with routed MoE,scheduling,High-value experiment,"Pool is shared-expert work that may be hidden behind routed MoE, not deleted. AMD target work is on one stream; NVIDIA uses auxiliary streams. Resource contention and join dependencies limit overlap.",F16 and shared-expert GEMM tuning affect same pool,14.187090500000002,180.0,0.5050059419168005,1.010011883833601,1.5150178257504012,0.827013999999993,180.0,1.8282109146890289,3.6564218293780577,5.484632744067087,2.8876082453718706,1.2146037358267276
