vendor,phase,forward,shape,full_target_gpu_span_ms,noncollective_kernel_calls,noncollective_kernel_sum_ms
AMD,Prefill,0,step[EXTEND bs=1 toks=32768],706.9225859375,2404,387.3701769999998
AMD,Prefill,3,step[EXTEND bs=1 toks=32464],697.7233125,2732,385.40996499999954
AMD,Decode,0,step[TARGET_VERIFY bs=4],11.2573466796875,1040,10.151341000000015
AMD,Decode,1,step[TARGET_VERIFY bs=4],11.3506669921875,1040,10.160778000000027
AMD,Decode,2,step[TARGET_VERIFY bs=4],11.1958271484375,1040,10.094225999999997
AMD,Decode,3,step[TARGET_VERIFY bs=4],11.2624716796875,1040,10.138147000000009
AMD,Decode,4,step[TARGET_VERIFY bs=4],11.292267578125,1040,10.161745000000016
AMD,Decode,5,step[TARGET_VERIFY bs=4],11.338986328125,1040,10.205423000000012
AMD,Decode,6,step[TARGET_VERIFY bs=4],11.3084677734375,1040,10.191426000000012
AMD,Decode,7,step[TARGET_VERIFY bs=4],11.305306640625,1040,10.188986000000027
AMD,Decode,8,step[TARGET_VERIFY bs=4],11.2836650390625,1040,10.165106000000014
AMD,Decode,9,step[TARGET_VERIFY bs=4],11.3614677734375,1040,10.230387000000025
AMD,Decode,10,step[TARGET_VERIFY bs=4],11.3083466796875,1040,10.21502600000002
AMD,Decode,11,step[TARGET_VERIFY bs=4],11.2962666015625,1040,10.180146000000011
AMD,Decode,12,step[TARGET_VERIFY bs=4],11.2649482421875,1040,10.153587000000007
AMD,Decode,13,step[TARGET_VERIFY bs=4],11.290953125,1040,10.174267000000004
AMD,Decode,14,step[TARGET_VERIFY bs=4],11.291947265625,1040,10.17082700000001
AMD,Decode,15,step[TARGET_VERIFY bs=4],11.303986328125,1040,10.17102500000001
AMD,Decode,16,step[TARGET_VERIFY bs=4],11.332107421875,1040,10.19310800000002
AMD,Decode,17,step[TARGET_VERIFY bs=4],11.3118671875,1040,10.189827000000017
AMD,Decode,18,step[TARGET_VERIFY bs=4],11.3108828125,1040,10.184383000000013
AMD,Decode,19,step[TARGET_VERIFY bs=4],11.3497470703125,1040,10.195986000000005
AMD,Decode,20,step[TARGET_VERIFY bs=4],11.32934765625,1040,10.205665000000021
AMD,Decode,21,step[TARGET_VERIFY bs=4],11.3482666015625,1040,10.205104
AMD,Decode,22,step[TARGET_VERIFY bs=4],11.3261865234375,1040,10.205022000000026
AMD,Decode,23,step[TARGET_VERIFY bs=4],11.3079912109375,1040,10.197028000000012
AMD,Decode,24,step[TARGET_VERIFY bs=4],11.294427734375,1040,10.16518000000001
AMD,Decode,25,step[TARGET_VERIFY bs=4],11.3633466796875,1040,10.243466000000028
AMD,Decode,26,step[TARGET_VERIFY bs=4],11.3242275390625,1040,10.195661999999999
AMD,Decode,27,step[TARGET_VERIFY bs=4],11.3233466796875,1040,10.193467000000032
AMD,Decode,28,step[TARGET_VERIFY bs=4],11.31247265625,1040,10.194386000000017
AMD,Decode,29,step[TARGET_VERIFY bs=4],11.3265068359375,1040,10.197188000000013
AMD,Decode,30,step[TARGET_VERIFY bs=4],11.307265625,1040,10.161426
NVIDIA,Prefill,0,step[EXTEND bs=1 toks=32768],454.2383388671875,2121,368.60608999999954
NVIDIA,Prefill,3,step[EXTEND bs=1 toks=32464],450.8998203125,2085,366.7127829999999
NVIDIA,Decode,0,step[TARGET_VERIFY bs=4],7.8235634765625,1326,8.16267
NVIDIA,Decode,1,step[TARGET_VERIFY bs=4],7.168044921875,1326,8.199241000000008
NVIDIA,Decode,2,step[TARGET_VERIFY bs=4],7.1831494140625,1326,8.242319000000014
NVIDIA,Decode,3,step[TARGET_VERIFY bs=4],7.103693359375,1326,8.209896
NVIDIA,Decode,4,step[TARGET_VERIFY bs=4],7.0877890625,1326,8.182965
NVIDIA,Decode,5,step[TARGET_VERIFY bs=4],7.151853515625,1326,8.28370700000001
NVIDIA,Decode,6,step[TARGET_VERIFY bs=4],7.002861328125,1326,8.148844000000006
NVIDIA,Decode,7,step[TARGET_VERIFY bs=4],7.10762890625,1326,8.264299000000005
NVIDIA,Decode,8,step[TARGET_VERIFY bs=4],7.0822529296875,1326,8.223795999999997
NVIDIA,Decode,9,step[TARGET_VERIFY bs=4],7.0459013671875,1326,8.204219000000021
NVIDIA,Decode,10,step[TARGET_VERIFY bs=4],7.06593359375,1326,8.217478999999999
NVIDIA,Decode,11,step[TARGET_VERIFY bs=4],7.0331328125,1326,8.179594000000003
NVIDIA,Decode,12,step[TARGET_VERIFY bs=4],7.0028935546875,1326,8.158987999999995
NVIDIA,Decode,13,step[TARGET_VERIFY bs=4],7.0504130859375,1326,8.19156700000001
NVIDIA,Decode,14,step[TARGET_VERIFY bs=4],7.0159814453125,1326,8.149505
NVIDIA,Decode,15,step[TARGET_VERIFY bs=4],7.0430205078125,1326,8.197199000000008
NVIDIA,Decode,16,step[TARGET_VERIFY bs=4],7.021037109375,1326,8.166948000000005
NVIDIA,Decode,17,step[TARGET_VERIFY bs=4],7.0672783203125,1326,8.232394000000001
NVIDIA,Decode,18,step[TARGET_VERIFY bs=4],7.043533203125,1326,8.204179000000005
NVIDIA,Decode,19,step[TARGET_VERIFY bs=4],7.08596484375,1326,8.233835000000022
NVIDIA,Decode,20,step[TARGET_VERIFY bs=4],7.1292607421875,1326,8.28305799999999
NVIDIA,Decode,21,step[TARGET_VERIFY bs=4],7.1111181640625,1326,8.267607000000002
NVIDIA,Decode,22,step[TARGET_VERIFY bs=4],6.9353095703125,1326,8.08262800000001
NVIDIA,Decode,23,step[TARGET_VERIFY bs=4],7.0687822265625,1326,8.241154
NVIDIA,Decode,24,step[TARGET_VERIFY bs=4],6.9755654296875,1326,8.110592
NVIDIA,Decode,25,step[TARGET_VERIFY bs=4],6.9886845703125,1326,8.145060000000003
NVIDIA,Decode,26,step[TARGET_VERIFY bs=4],7.0542216796875,1326,8.21304300000001
NVIDIA,Decode,27,step[TARGET_VERIFY bs=4],7.0270546875,1326,8.188961999999998
NVIDIA,Decode,28,step[TARGET_VERIFY bs=4],7.0810693359375,1326,8.234727000000001
NVIDIA,Decode,29,step[TARGET_VERIFY bs=4],7.052171875,1326,8.20862400000001
NVIDIA,Decode,30,step[TARGET_VERIFY bs=4],6.9337099609375,1326,8.090260000000004
