candidate,phase,kernel,calls_per_forward,pool_ms_per_forward
F01,Prefill,_gemma_fused_add_rmsnorm_kernel,120.0,21.70067650000001
F01,Decode,_gemma_fused_add_rmsnorm_kernel,120.0,0.5146618387096771
F02,Prefill,_fused_gate_sigmoid_mul_add_kernel,60.0,10.840389
F02,Prefill,_gemma_fused_add_rmsnorm_kernel,59.0,10.665627
F02,Decode,_fused_gate_sigmoid_mul_add_kernel,60.0,0.2838670967741951
F02,Decode,_gemma_fused_add_rmsnorm_kernel,59.0,0.2573970645161348
F03,Prefill,_triton_mrope_forward_fused,15.0,1.7115499999999997
F03,Decode,_triton_mrope_forward_fused,15.0,0.0694794193548387
F04,Prefill,_triton_mrope_forward_fused,15.0,1.7115499999999997
F04,Prefill,reshape_and_cache_flash,15.0,0.3637055
F04,Decode,_triton_mrope_forward_fused,15.0,0.0694794193548387
F04,Decode,reshape_and_cache_flash,15.0,0.06278896774193563
F05,Prefill,_fused_sigmoid_mul_kernel,15.0,0.930588
F05,Decode,_fused_sigmoid_mul_kernel,15.0,0.06268970967741941
F06,Prefill,fused_qkvzba_split_reshape_cat_contiguous_kernel,45.0,6.013010999999997
F06,Decode,fused_qkvzba_split_reshape_cat_contiguous_kernel,45.0,0.20643683870968044
F07,Prefill,fused_qkvzba_split_reshape_cat_contiguous_kernel,45.0,6.013010999999997
F07,Prefill,fused_qkv_split_gdn_prefill_kernel,45.0,2.8821825000000003
F07,Decode,fused_qkvzba_split_reshape_cat_contiguous_kernel,45.0,0.20643683870968044
F07,Decode,fused_qkv_split_gdn_prefill_kernel,45.0,0.20754132258064834
F08,Prefill,fused_qkv_split_gdn_prefill_kernel,45.0,2.8821825000000003
F08,Prefill,fused_gdn_gating_kernel,45.0,0.8243154999999999
F08,Prefill,l2norm_fwd_kernel,90.0,1.5451314999999992
F09,Prefill,chunk_local_cumsum_scalar_kernel,45.0,0.6598564999999998
F10,Decode,fused_qkv_split_gdn_prefill_kernel,45.0,0.20754132258064834
F11,Prefill,_layer_norm_fwd_1pass_kernel,45.0,3.4106625000000004
F11,Decode,_layer_norm_fwd_1pass_kernel,45.0,0.1933865806451634
F12,Prefill,chunk_gated_delta_rule_fwd_kkt_solve_kernel,45.0,6.002771500000001
F12,Prefill,recompute_w_u_fwd_kernel,45.0,5.7760505
F13,Prefill,chunk_gated_delta_rule_fwd_kernel_h_blockdim64,45.0,43.090677
F13,Prefill,chunk_fwd_kernel_o,45.0,9.163461999999999
F14,Prefill,_layer_norm_fwd_1pass_kernel,45.0,3.4106625000000004
F14,Decode,_layer_norm_fwd_1pass_kernel,45.0,0.1933865806451634
F15,Prefill,_fused_gate_sigmoid_mul_add_kernel,60.0,10.840389
F15,Decode,_fused_gate_sigmoid_mul_add_kernel,60.0,0.2838670967741951
F16,Prefill,_ZN7sgl_hip10activation18act_and_mul_kernelI14__hip_bfloat16TnPFT_RKS3_EXadL_Z4siluIS2_ES3_S5_EEEEvPS3_PS4_i,60.0,0.9729630000000004
F16,Decode,_ZN7sgl_hip10activation18act_and_mul_kernelI14__hip_bfloat16TnPFT_RKS3_EXadL_Z4siluIS2_ES3_S5_EEEEvPS3_PS4_i,60.0,0.2723326129032313
F17,Prefill,"void aiter::opus_moe_sorting_entry<aiter::MoeSortingClearWorkspaceKernel<aiter::MoeSortingClearWorkspaceProblem<false, 1024, 1> >, aiter::MoeSortingClearWorkspaceKernel<aiter::MoeSortingClearWorkspaceProblem<false, 1024, 1> >::Kargs>(aiter::MoeSortingClearWorkspaceKernel<aiter::MoeSortingClearWorkspaceProblem<false, 1024, 1> >::Kargs)",60.0,0.3433815000000002
F17,Prefill,"void aiter::opus_moe_sorting_entry<aiter::MoeSortingMultiPhaseKernel_P0_v1<aiter::MoeSortingProblemMp<int, float, unsigned char, 4, false, false, true> >, aiter::MoeSortingMultiPhaseKernel_P0_v1<aiter::MoeSortingProblemMp<int, float, unsigned char, 4, false, false, true> >::Kargs>(aiter::MoeSortingMultiPhaseKernel_P0_v1<aiter::MoeSortingProblemMp<int, float, unsigned char, 4, false, false, true> >::Kargs)",60.0,0.29750099999999996
F17,Prefill,"void aiter::opus_moe_sorting_entry<aiter::MoeSortingMultiPhaseKernel_P1<aiter::MoeSortingProblemMp<int, float, unsigned char, 16, false, false, true> >, aiter::MoeSortingMultiPhaseKernel_P1<aiter::MoeSortingProblemMp<int, float, unsigned char, 16, false, false, true> >::Kargs>(aiter::MoeSortingMultiPhaseKernel_P1<aiter::MoeSortingProblemMp<int, float, unsigned char, 16, false, false, true> >::Kargs)",60.0,0.41068099999999996
F17,Prefill,"void aiter::opus_moe_sorting_entry<aiter::MoeSortingMultiPhaseKernel_P23<aiter::MoeSortingProblemMp<int, float, unsigned char, 16, false, false, true> >, aiter::MoeSortingMultiPhaseKernel_P23<aiter::MoeSortingProblemMp<int, float, unsigned char, 16, false, false, true> >::Kargs>(aiter::MoeSortingMultiPhaseKernel_P23<aiter::MoeSortingProblemMp<int, float, unsigned char, 16, false, false, true> >::Kargs)",60.0,2.793264499999999
F18,Prefill,"void aiter::mxfp4_moe_sort_kernel<256, 32, 16, 32>(unsigned char*, unsigned char*, int const*, int const*, int, int, int, int, int)",60.0,2.9022680000000007
F18,Prefill,"void aiter::mxfp4_moe_sort_kernel<256, 128, 4, 32>(unsigned char*, unsigned char*, int const*, int const*, int, int, int, int, int)",60.0,0.4509625
F19,Prefill,_ZN5aiter37dynamic_per_group_scaled_quant_kernelIDF16bN4opus5fp4_tELi32ELi32ELb0ELi64ELb1EEEvPT0_PfPKT_PKfliilPKii,60.0,3.000005749999999
F19,Prefill,"void aiter::mxfp4_moe_sort_kernel<256, 128, 4, 32>(unsigned char*, unsigned char*, int const*, int const*, int, int, int, int, int)",60.0,0.4509625
F20,Prefill,_fused_gate_sigmoid_mul_add_kernel,60.0,10.840389
F21,Prefill,moe_reduction_kernel_0,60.0,33.59119950000001
F22,Prefill,_gemma_rmsnorm_kernel,1.0,0.13999899999999998
F22,Prefill,_gemma_fused_add_rmsnorm_kernel,120.0,21.70067650000001
F22,Decode,_gemma_rmsnorm_kernel,1.0,0.004537064516129032
F22,Decode,_gemma_fused_add_rmsnorm_kernel,120.0,0.5146618387096771
F23,Decode,_ZN4vllm3moe17topkGatingSoftmaxIDF16bLi32ELi512ELi2ELi64ELb1ELi0ELNS0_23SharedExpertScoringFuncE0EEEvPKT_PKbPfiPiS9_iiiiii,60.0,0.5868822903225803
F24,Prefill,Cijk_Alik_Bljk_BBS_BH_Bias_HA_S_SAV_UserArgs_MT256x256x64_MI16x16x1_CMS_SN_LDSB0_AFC0_AFEM1_AFEM1_ASEM1_CLR1_CADS0_DTLA1_DTLB1_DTVA0_DTVB0_EPS0_FDSI0_GRPM1_GRVWA8_GRVWB8_GSU0_GSUAMB_GLS0_ISA950_IU1_K1_LDSTI0_LBSPPA1024_LBSPPB1024_LBSPPM0_LPA16_LPB16_LPM0_LRVW8_LWPMn1_MIAV0_MIWT8_8_MO40_NTn1_NTA0_NTB0_NTC0_NTD4_NTM0_NEPBS0_NLCA1_NLCB1_ONLL1_PGR2_PLR1_PKA1_SIA3_SS1_SPO0_SRVW0_SSO0_SVW8_SK3_SKFTR0_SKXCCM0_TLDS1_ULSGRO0_USL1_UIOFGRO0_USFGRO0_VSn1_VWA8_VWB8_WSGRA0_WSGRB0_WS64_WG32_8_1,45.0,48.424372000000005
F24,Prefill,Cijk_Alik_Bljk_BBS_BH_Bias_HA_S_SAV_UserArgs_MT32x192x128_MI16x16x1_SN_LDSB1_AFC0_AFEM1_AFEM1_ASEM1_CLR1_CADS0_DTLA0_DTLB0_DTVA0_DTVB0_EPS0_FDSI0_GRPM1_GRVWA8_GRVWB8_GSU0_GSUAMB_GLS0_ISA950_IU1_K1_LDSTI0_LBSPPA256_LBSPPB512_LBSPPM0_LPA16_LPB16_LPM0_LRVW8_LWPMn1_MIAV0_MIWT1_6_MO40_NTn1_NTA0_NTB4_NTC0_NTD0_NTM0_NEPBS0_NLCA1_NLCB1_ONLL1_PGR2_PLR1_PKA1_SIA3_SS1_SPO0_SRVW0_SSO0_SVW1_SK3_SKFTR0_SKXCCM8_TLDS1_ULSGRO0_USL1_UIOFGRO0_USFGRO0_VSn1_VWA1_VWB2_WSGRA0_WSGRB0_WS64_WG32_8_1,22.5,0.9834805
F24,Prefill,Cijk_Alik_Bljk_BBS_BH_Bias_HA_S_SAV_UserArgs_MT32x224x128_MI16x16x1_SN_LDSB1_AFC0_AFEM1_AFEM1_ASEM1_CLR1_CADS0_DTLA0_DTLB0_DTVA0_DTVB0_EPS0_FDSI0_GRPM1_GRVWA8_GRVWB8_GSU0_GSUAMB_GLS0_ISA950_IU1_K1_LDSTI0_LBSPPA256_LBSPPB256_LBSPPM0_LPA16_LPB16_LPM0_LRVW8_LWPMn1_MIAV0_MIWT1_7_MO40_NTn1_NTA0_NTB4_NTC0_NTD0_NTM0_NEPBS0_NLCA1_NLCB1_ONLL1_PGR2_PLR1_PKA1_SIA3_SS1_SPO0_SRVW0_SSO0_SVW1_SK3_SKFTR0_SKXCCM8_TLDS1_ULSGRO0_USL1_UIOFGRO0_USFGRO0_VSn1_VWA1_VWB1_WSGRA0_WSGRB0_WS64_WG32_8_1,22.5,1.0348989999999998
F24,Decode,Cijk_Alik_Bljk_BBS_BH_Bias_HA_S_SAV_UserArgs_MT32x16x1024_MI16x16x1_SN_LDSB1_AFC0_AFEM1_AFEM1_ASEM1_CLR1_CADS0_DTLA0_DTLB0_DTVA0_DTVB0_EPS0_FDSI0_GRPM1_GRVWA8_GRVWB8_GSU0_GSUAMB_GLS0_ISA950_IU1_K1_LDSTI0_LBSPPA2048_LBSPPB2048_LBSPPM0_LPA16_LPB16_LPM0_LRVW8_LWPMn1_MIAV0_MIWT2_1_MO40_NTn1_NTA4_NTB0_NTC0_NTD0_NTM0_NEPBS0_NLCA1_NLCB1_ONLL1_PGR2_PLR1_PKA1_SIA3_SS1_SPO0_SRVW0_SSO0_SVW1_SK3_SKFTR0_SKXCCM8_TLDS1_ULSGRO0_USL1_UIOFGRO0_USFGRO0_VSn1_VWA1_VWB1_WSGRA0_WSGRB0_WS64_WG16_4_4,45.0,0.580231290322583
F24,Decode,Cijk_Alik_Bljk_BBS_BH_Bias_HA_S_SAV_UserArgs_MT16x16x1024_MI16x16x1_SN_LDSB1_AFC0_AFEM1_AFEM1_ASEM1_CLR1_CADS0_DTLA0_DTLB0_DTVA0_DTVB0_EPS0_FDSI0_GRPM1_GRVWA8_GRVWB8_GSU0_GSUAMB_GLS0_ISA950_IU1_K1_LDSTI0_LBSPPA2048_LBSPPB2048_LBSPPM0_LPA16_LPB16_LPM0_LRVW8_LWPMn1_MIAV0_MIWT1_1_MO40_NTn1_NTA0_NTB0_NTC0_NTD0_NTM0_NEPBS0_NLCA1_NLCB1_ONLL1_PGR2_PLR1_PKA1_SIA3_SS1_SPO0_SRVW0_SSO0_SVW1_SK3_SKFTR0_SKXCCM0_TLDS1_ULSGRO0_USL1_UIOFGRO0_USFGRO0_VSn1_VWA1_VWB1_WSGRA0_WSGRB0_WS64_WG16_4_4,45.0,0.3882311290322579
F25,Decode,_causal_conv1d_update_kernel,45.0,0.20372435483871287
F25,Decode,fused_sigmoid_gating_delta_rule_update_kernel,45.0,0.4839251612903213
F26,Prefill,_ZN4vllm3moe17topkGatingSoftmaxIDF16bLi32ELi512ELi2ELi64ELb1ELi0ELNS0_23SharedExpertScoringFuncE0EEEvPKT_PKbPfiPiS9_iiiiii,60.0,2.198426999999999
F26,Decode,_ZN4vllm3moe17topkGatingSoftmaxIDF16bLi32ELi512ELi2ELi64ELb1ELi0ELNS0_23SharedExpertScoringFuncE0EEEvPKT_PKbPfiPiS9_iiiiii,60.0,0.5868822903225803
T01,Prefill,ncclDevKernel_Generic_1(ncclDevKernelArgsStorage<4096ul>),121.0,309.6912724999999
T01,Decode,_ZN5aiter26cross_device_reduce_1stageIDF16bLi4ELb0EEEvPNS_8RankDataES2_NS_11RankSignalsEPNS_6SignalEPT_ii,121.0,1.0810425806451607
T02,Decode,aiter::fmoe_bf16_pertokenMXfp4_g1u1_flat_novs_silu_16x256,60.0,3.12290796774194
T03,Decode,kernel_unified_attention_3d_num_query_heads_8_num_queries_per_kv_8_BLOCK_SIZE_16_TILE_SIZE_16_HEAD_SIZE_256_NUM_SEGMENTS_PER_SEQ_128_num_warps_2_waves_per_eu_2_num_stages_2_ALL_DECODE_0_SHUFFLED_KV_CACHE_0_IS_Q_FP8_0_IS_KV_FP8_1,15.0,0.9260879677419351
T03,Decode,reduce_segments_num_query_heads_8_TILE_SIZE_16_HEAD_SIZE_256_NUM_SEGMENTS_PER_SEQ_128,15.0,0.29127474193548425
T04,Prefill,chunk_gated_delta_rule_fwd_kernel_h_blockdim64,45.0,43.090677
T05,Prefill,mfma_moe1_silu_mul_afp4_wfp4_bf16_t128x128x256_pm1_async_xcd4_v32,60.0,28.925768500000007
T05,Prefill,mfma_moe2_afp4_wfp4_bf16_cshuffle_t64x256x256_vscale_fix3_fp4opt_v1_persist_cu256_sbm128_acc0,60.0,43.0284665
T06,Prefill,Cijk_Alik_Bljk_BBS_BH_Bias_HA_S_SAV_UserArgs_MT256x256x64_MI16x16x1_CMS_SN_LDSB0_AFC0_AFEM1_AFEM1_ASEM1_CLR1_CADS0_DTLA1_DTLB1_DTVA0_DTVB0_EPS0_FDSI0_GRPM1_GRVWA8_GRVWB8_GSU0_GSUAMB_GLS0_ISA950_IU1_K1_LDSTI0_LBSPPA1024_LBSPPB1024_LBSPPM0_LPA16_LPB16_LPM0_LRVW8_LWPMn1_MIAV0_MIWT8_8_MO40_NTn1_NTA0_NTB0_NTC0_NTD4_NTM0_NEPBS0_NLCA1_NLCB1_ONLL1_PGR2_PLR1_PKA1_SIA3_SS1_SPO0_SRVW0_SSO0_SVW8_SK3_SKFTR0_SKXCCM0_TLDS1_ULSGRO0_USL1_UIOFGRO0_USFGRO0_VSn1_VWA8_VWB8_WSGRA0_WSGRB0_WS64_WG32_8_1,180.0,95.667667
T06,Prefill,Cijk_Alik_Bljk_BBS_BH_Bias_HA_S_SAV_UserArgs_MT32x192x128_MI16x16x1_SN_LDSB1_AFC0_AFEM1_AFEM1_ASEM1_CLR1_CADS0_DTLA0_DTLB0_DTVA0_DTVB0_EPS0_FDSI0_GRPM1_GRVWA8_GRVWB8_GSU0_GSUAMB_GLS0_ISA950_IU1_K1_LDSTI0_LBSPPA256_LBSPPB512_LBSPPM0_LPA16_LPB16_LPM0_LRVW8_LWPMn1_MIAV0_MIWT1_6_MO40_NTn1_NTA0_NTB4_NTC0_NTD0_NTM0_NEPBS0_NLCA1_NLCB1_ONLL1_PGR2_PLR1_PKA1_SIA3_SS1_SPO0_SRVW0_SSO0_SVW1_SK3_SKFTR0_SKXCCM8_TLDS1_ULSGRO0_USL1_UIOFGRO0_USFGRO0_VSn1_VWA1_VWB2_WSGRA0_WSGRB0_WS64_WG32_8_1,22.5,0.9834805
T06,Prefill,Cijk_Alik_Bljk_BBS_BH_Bias_HA_S_SAV_UserArgs_MT256x256x64_MI16x16x1_CMS_SN_LDSB0_AFC0_AFEM1_AFEM1_ASEM1_CLR1_CADS0_DTLA1_DTLB1_DTVA0_DTVB0_EPS0_FDSI0_GRPM1_GRVWA8_GRVWB8_GSUAMB_GLS0_ISA950_IU1_K1_LDSTI0_LBSPPA1024_LBSPPB1024_LBSPPM0_LPA16_LPB16_LPM0_LRVW8_LWPMn1_MIAV0_MIWT8_8_MO40_NTn1_NTA3_NTB4_NTC7_NTD2_NTM0_NEPBS10_NLCA1_NLCB1_ONLL1_PGR2_PLR1_PKA1_SIA3_SS1_SPO0_SRVW0_SSO1_SVW8_SK0_SKFTR0_SKXCCM0_TLDS1_ULSGRO0_USL1_UIOFGRO0_USFGRO1_VSn1_VWA8_VWB8_WSGRA0_WSGRB0_WS64_WG32_8_1,60.0,6.8852745
T06,Prefill,Cijk_Alik_Bljk_BBS_BH_Bias_HA_S_SAV_UserArgs_MT256x16x128_MI16x16x1_SN_LDSB1_AFC0_AFEM1_AFEM1_ASEM1_CLR1_CADS0_DTLA0_DTLB0_DTVA0_DTVB0_EPS0_FDSI0_GRPM1_GRVWA8_GRVWB8_GSU0_GSUAMB_GLS0_ISA950_IU1_K1_LDSTI0_LBSPPA1024_LBSPPB256_LBSPPM0_LPA16_LPB16_LPM0_LRVW8_LWPMn1_MIAV0_MIWT4_1_MO40_NTn1_NTA4_NTB0_NTC0_NTD0_NTM0_NEPBS0_NLCA1_NLCB1_ONLL1_PGR2_PLR1_PKA1_SIA3_SS1_SPO0_SRVW0_SSO0_SVW4_SK3_SKFTR0_SKXCCM8_TLDS1_ULSGRO0_USL1_UIOFGRO0_USFGRO0_VSn1_VWA4_VWB1_WSGRA0_WSGRB0_WS64_WG64_4_1,1.0,0.104519
T06,Prefill,Cijk_Alik_Bljk_BBS_BH_Bias_HA_S_SAV_UserArgs_MT32x224x128_MI16x16x1_SN_LDSB1_AFC0_AFEM1_AFEM1_ASEM1_CLR1_CADS0_DTLA0_DTLB0_DTVA0_DTVB0_EPS0_FDSI0_GRPM1_GRVWA8_GRVWB8_GSU0_GSUAMB_GLS0_ISA950_IU1_K1_LDSTI0_LBSPPA256_LBSPPB256_LBSPPM0_LPA16_LPB16_LPM0_LRVW8_LWPMn1_MIAV0_MIWT1_7_MO40_NTn1_NTA0_NTB4_NTC0_NTD0_NTM0_NEPBS0_NLCA1_NLCB1_ONLL1_PGR2_PLR1_PKA1_SIA3_SS1_SPO0_SRVW0_SSO0_SVW1_SK3_SKFTR0_SKXCCM8_TLDS1_ULSGRO0_USL1_UIOFGRO0_USFGRO0_VSn1_VWA1_VWB1_WSGRA0_WSGRB0_WS64_WG32_8_1,22.5,1.0348989999999998
T06,Prefill,Cijk_Alik_Bljk_BBS_BH_Bias_HA_S_SAV_UserArgs_MT256x256x64_MI16x16x1_CMS_SN_LDSB0_AFC0_AFEM1_AFEM1_ASEM1_CLR1_CADS0_DTLA1_DTLB1_DTVA0_DTVB0_EPS0_FDSI0_GRPM1_GRVWA8_GRVWB8_GSU0_GSUAMB_GLS0_ISA950_IU1_K1_LDSTI0_LBSPPA1024_LBSPPB1024_LBSPPM0_LPA16_LPB16_LPM0_LRVW8_LWPMn1_MIAV0_MIWT8_8_MO40_NTn1_NTA0_NTB4_NTC0_NTD4_NTM0_NEPBS0_NLCA1_NLCB1_ONLL1_PGR2_PLR1_PKA1_SIA3_SS1_SPO0_SRVW0_SSO0_SVW8_SK3_SKFTR0_SKXCCM0_TLDS1_ULSGRO0_USL1_UIOFGRO0_USFGRO0_VSn1_VWA8_VWB8_WSGRA0_WSGRB0_WS64_WG32_8_1,60.0,7.005417999999999
T06,Decode,Cijk_Alik_Bljk_BBS_BH_Bias_HA_S_SAV_UserArgs_MT32x16x1024_MI16x16x1_SN_LDSB1_AFC0_AFEM1_AFEM1_ASEM1_CLR1_CADS0_DTLA0_DTLB0_DTVA0_DTVB0_EPS0_FDSI0_GRPM1_GRVWA8_GRVWB8_GSU0_GSUAMB_GLS0_ISA950_IU1_K1_LDSTI0_LBSPPA2048_LBSPPB2048_LBSPPM0_LPA16_LPB16_LPM0_LRVW8_LWPMn1_MIAV0_MIWT2_1_MO40_NTn1_NTA4_NTB0_NTC0_NTD0_NTM0_NEPBS0_NLCA1_NLCB1_ONLL1_PGR2_PLR1_PKA1_SIA3_SS1_SPO0_SRVW0_SSO0_SVW1_SK3_SKFTR0_SKXCCM8_TLDS1_ULSGRO0_USL1_UIOFGRO0_USFGRO0_VSn1_VWA1_VWB1_WSGRA0_WSGRB0_WS64_WG16_4_4,60.0,0.7666620000000011
T06,Decode,Cijk_Alik_Bljk_BBS_BH_Bias_HA_S_SAV_UserArgs_MT16x16x1024_MI16x16x1_SN_LDSB1_AFC0_AFEM1_AFEM1_ASEM1_CLR1_CADS0_DTLA0_DTLB0_DTVA0_DTVB0_EPS0_FDSI0_GRPM1_GRVWA8_GRVWB8_GSU0_GSUAMB_GLS0_ISA950_IU1_K1_LDSTI0_LBSPPA2048_LBSPPB2048_LBSPPM0_LPA16_LPB16_LPM0_LRVW8_LWPMn1_MIAV0_MIWT1_1_MO40_NTn1_NTA0_NTB0_NTC0_NTD0_NTM0_NEPBS0_NLCA1_NLCB1_ONLL1_PGR2_PLR1_PKA1_SIA3_SS1_SPO0_SRVW0_SSO0_SVW1_SK3_SKFTR0_SKXCCM0_TLDS1_ULSGRO0_USL1_UIOFGRO0_USFGRO0_VSn1_VWA1_VWB1_WSGRA0_WSGRB0_WS64_WG16_4_4,45.0,0.3882311290322579
T06,Decode,hgemm_bf16_16x64x256x3_SPK2_W1x1x2_BLDS1_TN_AS1_0,60.0,0.4080376451612894
T06,Decode,hgemm_bf16_16x64x64x8_SPK8_W1x2x1_BLDS1_TN_AS1_0,120.0,0.6093356129032327
T06,Decode,Cijk_Alik_Bljk_BBS_BH_Bias_HA_S_SAV_UserArgs_MT16x16x128_MI16x16x1_SN_LDSB0_AFC0_AFEM1_AFEM1_ASEM1_CLR0_CADS0_DTLA0_DTLB0_DTVA0_DTVB0_EPS0_FDSI0_GRPM1_GRVWA8_GRVWB8_GSU0_GSUAMB_GLS0_ISA950_IU1_K1_LDSTI0_LBSPPA256_LBSPPB256_LBSPPM0_LPA16_LPB16_LPM0_LRVW8_LWPMn1_MIAV0_MIWT1_1_MO40_NTn1_NTA4_NTB0_NTC0_NTD0_NTM0_NEPBS0_NLCA1_NLCB1_ONLL1_PGR2_PLR0_PKA1_SIA3_SS1_SPO0_SRVW0_SSO0_SVW1_SK3_SKFTR0_SKXCCM8_TLDS1_ULSGRO0_USL1_UIOFGRO0_USFGRO0_VSn1_VWA1_VWB1_WSGRA0_WSGRB0_WS64_WG16_4_4,60.0,0.26058696774193923
T06,Decode,Cijk_Alik_Bljk_BBS_BH_Bias_HA_S_SAV_UserArgs_MT256x16x128_MI16x16x1_SN_LDSB1_AFC0_AFEM1_AFEM1_ASEM1_CLR1_CADS0_DTLA0_DTLB0_DTVA0_DTVB0_EPS0_FDSI0_GRPM1_GRVWA8_GRVWB8_GSU0_GSUAMB_GLS0_ISA950_IU1_K1_LDSTI0_LBSPPA1024_LBSPPB256_LBSPPM0_LPA16_LPB16_LPM0_LRVW8_LWPMn1_MIAV0_MIWT4_1_MO40_NTn1_NTA4_NTB0_NTC0_NTD0_NTM0_NEPBS0_NLCA1_NLCB1_ONLL1_PGR2_PLR1_PKA1_SIA3_SS1_SPO0_SRVW0_SSO0_SVW4_SK3_SKFTR0_SKXCCM8_TLDS1_ULSGRO0_USL1_UIOFGRO0_USFGRO0_VSn1_VWA4_VWB1_WSGRA0_WSGRB0_WS64_WG64_4_1,1.0,0.10450245161290321
T07,Prefill,Cijk_Alik_Bljk_BBS_BH_Bias_HA_S_SAV_UserArgs_MT256x256x64_MI16x16x1_CMS_SN_LDSB0_AFC0_AFEM1_AFEM1_ASEM1_CLR1_CADS0_DTLA1_DTLB1_DTVA0_DTVB0_EPS0_FDSI0_GRPM1_GRVWA8_GRVWB8_GSUAMB_GLS0_ISA950_IU1_K1_LDSTI0_LBSPPA1024_LBSPPB1024_LBSPPM0_LPA16_LPB16_LPM0_LRVW8_LWPMn1_MIAV0_MIWT8_8_MO40_NTn1_NTA3_NTB4_NTC7_NTD2_NTM0_NEPBS10_NLCA1_NLCB1_ONLL1_PGR2_PLR1_PKA1_SIA3_SS1_SPO0_SRVW0_SSO1_SVW8_SK0_SKFTR0_SKXCCM0_TLDS1_ULSGRO0_USL1_UIOFGRO0_USFGRO1_VSn1_VWA8_VWB8_WSGRA0_WSGRB0_WS64_WG32_8_1,30.0,3.4636155000000004
T07,Prefill,_ZN7sgl_hip10activation18act_and_mul_kernelI14__hip_bfloat16TnPFT_RKS3_EXadL_Z4siluIS2_ES3_S5_EEEEvPS3_PS4_i,60.0,0.9729630000000004
T07,Prefill,Cijk_Alik_Bljk_BBS_BH_Bias_HA_S_SAV_UserArgs_MT256x256x64_MI16x16x1_CMS_SN_LDSB0_AFC0_AFEM1_AFEM1_ASEM1_CLR1_CADS0_DTLA1_DTLB1_DTVA0_DTVB0_EPS0_FDSI0_GRPM1_GRVWA8_GRVWB8_GSU0_GSUAMB_GLS0_ISA950_IU1_K1_LDSTI0_LBSPPA1024_LBSPPB1024_LBSPPM0_LPA16_LPB16_LPM0_LRVW8_LWPMn1_MIAV0_MIWT8_8_MO40_NTn1_NTA0_NTB0_NTC0_NTD4_NTM0_NEPBS0_NLCA1_NLCB1_ONLL1_PGR2_PLR1_PKA1_SIA3_SS1_SPO0_SRVW0_SSO0_SVW8_SK3_SKFTR0_SKXCCM0_TLDS1_ULSGRO0_USL1_UIOFGRO0_USFGRO0_VSn1_VWA8_VWB8_WSGRA0_WSGRB0_WS64_WG32_8_1,60.0,6.225613999999998
T07,Prefill,Cijk_Alik_Bljk_BBS_BH_Bias_HA_S_SAV_UserArgs_MT256x256x64_MI16x16x1_CMS_SN_LDSB0_AFC0_AFEM1_AFEM1_ASEM1_CLR1_CADS0_DTLA1_DTLB1_DTVA0_DTVB0_EPS0_FDSI0_GRPM1_GRVWA8_GRVWB8_GSU0_GSUAMB_GLS0_ISA950_IU1_K1_LDSTI0_LBSPPA1024_LBSPPB1024_LBSPPM0_LPA16_LPB16_LPM0_LRVW8_LWPMn1_MIAV0_MIWT8_8_MO40_NTn1_NTA0_NTB4_NTC0_NTD4_NTM0_NEPBS0_NLCA1_NLCB1_ONLL1_PGR2_PLR1_PKA1_SIA3_SS1_SPO0_SRVW0_SSO0_SVW8_SK3_SKFTR0_SKXCCM0_TLDS1_ULSGRO0_USL1_UIOFGRO0_USFGRO0_VSn1_VWA8_VWB8_WSGRA0_WSGRB0_WS64_WG32_8_1,30.0,3.5248980000000003
T07,Decode,hgemm_bf16_16x64x64x8_SPK8_W1x2x1_BLDS1_TN_AS1_0,60.0,0.2940944193548381
T07,Decode,_ZN7sgl_hip10activation18act_and_mul_kernelI14__hip_bfloat16TnPFT_RKS3_EXadL_Z4siluIS2_ES3_S5_EEEEvPS3_PS4_i,60.0,0.2723326129032313
T07,Decode,Cijk_Alik_Bljk_BBS_BH_Bias_HA_S_SAV_UserArgs_MT16x16x128_MI16x16x1_SN_LDSB0_AFC0_AFEM1_AFEM1_ASEM1_CLR0_CADS0_DTLA0_DTLB0_DTVA0_DTVB0_EPS0_FDSI0_GRPM1_GRVWA8_GRVWB8_GSU0_GSUAMB_GLS0_ISA950_IU1_K1_LDSTI0_LBSPPA256_LBSPPB256_LBSPPM0_LPA16_LPB16_LPM0_LRVW8_LWPMn1_MIAV0_MIWT1_1_MO40_NTn1_NTA4_NTB0_NTC0_NTD0_NTM0_NEPBS0_NLCA1_NLCB1_ONLL1_PGR2_PLR0_PKA1_SIA3_SS1_SPO0_SRVW0_SSO0_SVW1_SK3_SKFTR0_SKXCCM8_TLDS1_ULSGRO0_USL1_UIOFGRO0_USFGRO0_VSn1_VWA1_VWB1_WSGRA0_WSGRB0_WS64_WG16_4_4,60.0,0.26058696774193923
