shape,config,class,instructions,hits,latency,stall,idle,stall_pct,lat_per_wave_iter,stall_per_wave_iter
qwen35-397b-tp4,flydsl PREFETCH_DEPTH=2,mfma,8,16384,125172,55996,0,0.9,61.1,27.3
qwen35-397b-tp4,flydsl PREFETCH_DEPTH=2,lds,21,43008,550456,183304,50496,2.93,268.8,89.5
qwen35-397b-tp4,flydsl PREFETCH_DEPTH=2,vmem_ld,51,34952,1149328,1004292,47784,16.07,561.2,490.4
qwen35-397b-tp4,flydsl PREFETCH_DEPTH=2,vmem_st,8,12296,735808,680224,32732,10.88,359.3,332.1
qwen35-397b-tp4,flydsl PREFETCH_DEPTH=2,smem,11,44,176,0,180,0.0,0.1,0.0
qwen35-397b-tp4,flydsl PREFETCH_DEPTH=2,wait,35,53284,2150896,2150896,0,34.41,1050.2,1050.2
qwen35-397b-tp4,flydsl PREFETCH_DEPTH=2,branch,5,2064,10920,0,16,0.0,5.3,0.0
qwen35-397b-tp4,flydsl PREFETCH_DEPTH=2,valu,273,262700,1343328,245556,16188,3.93,655.9,119.9
qwen35-397b-tp4,flydsl PREFETCH_DEPTH=2,salu,87,41228,183880,106512,64716,1.7,89.8,52.0
