shape,config,class,instructions,hits,latency,stall,idle,stall_pct
qwen35-397b-tp2,BV=32 w=4 s=2,mfma,32,32768,353720,222552,96,2.73
qwen35-397b-tp2,BV=32 w=4 s=2,vmem_ld,24,22536,362896,269172,109920,3.30
qwen35-397b-tp2,BV=32 w=4 s=2,vmem_st,10,8200,186928,152080,41084,1.87
qwen35-397b-tp2,BV=32 w=4 s=2,lds,288,233712,2999976,1442024,54856,17.71
qwen35-397b-tp2,BV=32 w=4 s=2,smem,9,32,128,0,16,0.00
qwen35-397b-tp2,BV=32 w=4 s=2,wait,131,94360,5170964,5170964,0,63.49
qwen35-397b-tp2,BV=32 w=4 s=2,valu,966,417604,2500368,773112,80272,9.49
qwen35-397b-tp2,BV=32 w=4 s=2,salu,359,129632,617408,114544,94172,1.41
qwen35-397b-tp2,BV=32 w=4 s=2,branch,20,2100,9568,0,32,0.00
qwen35-397b-tp2,BV=32 w=4 s=2,other,1,0,0,0,0,0.00
qwen35-397b-tp2,BV=16 w=4 s=3,mfma,24,16384,110068,39292,2060,0.61
qwen35-397b-tp2,BV=16 w=4 s=3,vmem_ld,35,22536,443124,352840,125572,5.48
qwen35-397b-tp2,BV=16 w=4 s=3,vmem_st,11,6152,46024,20688,41040,0.32
qwen35-397b-tp2,BV=16 w=4 s=3,lds,178,98440,923984,347848,41448,5.40
qwen35-397b-tp2,BV=16 w=4 s=3,smem,9,32,132,0,32,0.00
qwen35-397b-tp2,BV=16 w=4 s=3,wait,128,63620,5130508,5130508,0,79.70
qwen35-397b-tp2,BV=16 w=4 s=3,valu,605,220100,1449216,545568,52700,8.48
qwen35-397b-tp2,BV=16 w=4 s=3,salu,405,137692,555416,304,166524,0.00
qwen35-397b-tp2,BV=16 w=4 s=3,branch,27,2124,9560,0,72,0.00
qwen35-397b-tp2,BV=16 w=4 s=3,other,1,0,0,0,0,0.00
