shape,BV,num_warps,num_stages,waves_per_eu,matrix_instr_nonkdim,ok,ms,ms_std,speedup,workgroups,block_threads,fill_pct,gbps,max_err_h,max_err_v,error
qwen35-397b-tp4,32,4,2,,,True,1.3822,0.0091,1.0000,64,256,25.0,291.3,nan,nan,
qwen35-397b-tp4,16,2,3,1,,True,0.9953,0.0079,1.3887,128,128,50.0,404.5,0.0,0.0,
qwen35-397b-tp4,16,2,3,2,,True,0.9978,0.0101,1.3853,128,128,50.0,403.6,0.0,0.0,
qwen35-397b-tp4,16,2,3,4,,True,1.2608,0.0119,1.0963,128,128,50.0,319.4,0.0,0.0,
qwen35-397b-tp4,16,4,3,1,,True,0.9697,0.0100,1.4253,128,256,50.0,415.2,0.0,0.0,
qwen35-397b-tp4,16,4,3,2,,True,0.9696,0.0104,1.4254,128,256,50.0,415.3,0.0,0.0,
qwen35-397b-tp4,16,4,3,4,,True,0.8977,0.0098,1.5396,128,256,50.0,448.5,0.0,0.0,
qwen35-397b-tp4,32,2,3,1,,True,1.1170,0.0082,1.2374,64,128,25.0,360.5,0.0,0.0,
qwen35-397b-tp4,32,2,3,2,,True,1.1812,0.0087,1.1702,64,128,25.0,340.9,0.0,0.0,
qwen35-397b-tp4,32,2,3,4,,True,4.8674,0.0240,0.2840,64,128,25.0,82.7,0.0,0.0,
qwen35-397b-tp4,32,4,3,1,,True,1.2355,0.0084,1.1188,64,256,25.0,325.9,0.0,0.0,
qwen35-397b-tp4,32,4,3,2,,True,1.2162,0.0066,1.1365,64,256,25.0,331.1,0.0,0.0,
qwen35-397b-tp4,32,4,3,4,,True,4.4068,0.0109,0.3136,64,256,25.0,91.4,0.0,0.0,
