variant,mode,concurrency,baseline_us,variant_us,geomean_speedup,worst_case_speedup,max_abs_error
baseline,decode,1,130.544,130.544,1.0,1.0,0.000862613320350647
baseline,decode,4,147.794,147.794,1.0,1.0,0.0005784928798675537
baseline,decode,8,148.616,148.616,1.0,1.0,0.0006270408630371094
baseline,decode,16,294.146,294.146,1.0,1.0,0.000707283616065979
baseline,verify,1,147.756,147.756,1.0,1.0,0.0005974471569061279
baseline,verify,4,293.834,293.834,1.0,1.0,0.0010532736778259277
baseline,verify,8,442.27,442.27,1.0,1.0,0.0007533431053161621
baseline,verify,16,879.736,879.736,1.0,1.0,0.000740736722946167
fast_math,decode,1,130.544,129.318,1.009,1.0075,0.000862613320350647
fast_math,decode,4,147.794,147.225,1.0044,1.0034,0.0005784928798675537
fast_math,decode,8,148.616,148.104,1.0038,1.0033,0.0006270408630371094
fast_math,decode,16,294.146,292.906,1.0042,1.004,0.000707283616065979
fast_math,verify,1,147.756,147.202,1.0037,1.0029,0.0005974471569061279
fast_math,verify,4,293.834,292.577,1.0043,1.0037,0.0010532736778259277
fast_math,verify,8,442.27,440.612,1.0037,1.003,0.0007533431053161621
fast_math,verify,16,879.736,877.62,1.003,1.0019,0.000740736722946167
m16_n128,decode,1,130.544,130.535,1.0111,0.9996,0.000862613320350647
m16_n128,decode,4,147.794,132.415,1.1294,1.1155,0.000574454665184021
m16_n128,decode,8,148.616,132.954,1.1312,1.1174,0.0006591081619262695
m16_n128,decode,16,294.146,141.54,2.1004,2.0766,0.0006280690431594849
m16_n128,verify,1,147.756,132.306,1.1174,1.1159,0.0006414204835891724
m16_n128,verify,4,293.834,141.378,2.0784,2.0755,0.0010532736778259277
m16_n128,verify,8,442.27,168.887,2.6182,2.6159,0.0007533431053161621
m16_n128,verify,16,879.736,396.964,2.2159,2.2116,0.000740736722946167
m16_w1,decode,1,130.544,131.669,0.9914,0.9894,0.000862613320350647
m16_w1,decode,4,147.794,147.087,1.0041,1.0032,0.0005784928798675537
m16_w1,decode,8,148.616,147.68,1.0056,1.0037,0.0006270408630371094
m16_w1,decode,16,294.146,156.539,1.8766,1.8696,0.000707283616065979
m16_w1,verify,1,147.756,147.245,1.0036,1.0029,0.0005974471569061279
m16_w1,verify,4,293.834,156.327,1.8792,1.8762,0.0010532736778259277
m16_w1,verify,8,442.27,177.055,2.4969,2.4936,0.0007533431053161621
m16_w1,verify,16,879.736,388.232,2.2663,2.2633,0.000740736722946167
m32_n128,decode,1,130.544,169.206,0.7808,0.7699,0.000862613320350647
m32_n128,decode,4,147.794,170.844,0.8757,0.8642,0.000574454665184021
m32_n128,decode,8,148.616,171.588,0.8769,0.8657,0.0006591081619262695
m32_n128,decode,16,294.146,209.73,1.4116,1.4015,0.0006280690431594849
m32_n128,verify,1,147.756,170.704,0.8658,0.8648,0.0006414204835891724
m32_n128,verify,4,293.834,209.064,1.404,1.3973,0.0010532736778259277
m32_n128,verify,8,442.27,233.594,1.8927,1.8893,0.0007533431053161621
m32_n128,verify,16,879.736,477.266,1.8425,1.835,0.000740736722946167
m32_w1,decode,1,130.544,149.07,0.8766,0.8748,0.000862613320350647
m32_w1,decode,4,147.794,170.134,0.8683,0.8674,0.0005784928798675537
m32_w1,decode,8,148.616,170.722,0.8701,0.8685,0.0006270408630371094
m32_w1,decode,16,294.146,176.576,1.665,1.6622,0.000707283616065979
m32_w1,verify,1,147.756,170.179,0.8683,0.8678,0.0005974471569061279
m32_w1,verify,4,293.834,176.512,1.6646,1.6629,0.0010532736778259277
m32_w1,verify,8,442.27,192.237,2.2999,2.2977,0.0007533431053161621
m32_w1,verify,16,879.736,393.778,2.2351,2.2299,0.000740736722946167
m64,decode,1,130.544,136.731,0.9544,0.953,0.000862613320350647
m64,decode,4,147.794,147.062,1.0049,1.0043,0.0005784928798675537
m64,decode,8,148.616,147.662,1.0065,1.0058,0.0006270408630371094
m64,decode,16,294.146,185.225,1.5872,1.584,0.000707283616065979
m64,verify,1,147.756,146.972,1.0054,1.0043,0.0005974471569061279
m64,verify,4,293.834,185.231,1.5861,1.5848,0.0010532736778259277
m64,verify,8,442.27,323.651,1.3651,1.358,0.0007533431053161621
m64,verify,16,879.736,550.722,1.597,1.593,0.000740736722946167
n128,decode,1,130.544,110.256,1.1972,1.1804,0.000862613320350647
n128,decode,4,147.794,114.018,1.3126,1.2952,0.000574454665184021
n128,decode,8,148.616,114.969,1.3085,1.2922,0.0006591081619262695
n128,decode,16,294.146,226.546,1.3136,1.2971,0.0006280690431594849
n128,verify,1,147.756,113.966,1.2969,1.2952,0.0006414204835891724
n128,verify,4,293.834,226.24,1.299,1.2981,0.0010532736778259277
n128,verify,8,442.27,341.14,1.2963,1.2946,0.0007533431053161621
n128,verify,16,879.736,679.666,1.2933,1.2904,0.000740736722946167
n128_sched,decode,1,130.544,111.646,1.1818,1.1677,0.000862613320350647
n128_sched,decode,4,147.794,118.411,1.2636,1.2454,0.000574454665184021
n128_sched,decode,8,148.616,119.426,1.26,1.244,0.0006591081619262695
n128_sched,decode,16,294.146,234.674,1.2672,1.2523,0.0006280690431594849
n128_sched,verify,1,147.756,118.471,1.2476,1.246,0.0006414204835891724
n128_sched,verify,4,293.834,234.548,1.2525,1.2512,0.0010532736778259277
n128_sched,verify,8,442.27,354.841,1.247,1.2456,0.0007533431053161621
n128_sched,verify,16,879.736,706.002,1.2473,1.2435,0.000740736722946167
no_preload,decode,1,130.544,131.016,0.9935,0.9907,0.000862613320350647
no_preload,decode,4,147.794,147.769,1.0,0.9985,0.0005784928798675537
no_preload,decode,8,148.616,148.724,0.9997,0.9983,0.0006270408630371094
no_preload,decode,16,294.146,294.096,1.0,0.9997,0.000707283616065979
no_preload,verify,1,147.756,147.892,0.999,0.9986,0.0005974471569061279
no_preload,verify,4,293.834,293.759,1.0001,0.9994,0.0010532736778259277
no_preload,verify,8,442.27,442.69,0.9988,0.998,0.0007533431053161621
no_preload,verify,16,879.736,881.147,0.9988,0.9979,0.000740736722946167
occupancy2,decode,1,130.544,167.139,0.7801,0.7772,0.000862613320350647
occupancy2,decode,4,147.794,170.791,0.8653,0.8636,0.0005784928798675537
occupancy2,decode,8,148.616,171.681,0.8662,0.8654,0.0006270408630371094
occupancy2,decode,16,294.146,239.886,1.2244,1.221,0.000707283616065979
occupancy2,verify,1,147.756,170.809,0.8649,0.864,0.0005974471569061279
occupancy2,verify,4,293.834,240.158,1.2241,1.2206,0.0010532736778259277
occupancy2,verify,8,442.27,463.326,0.955,0.9543,0.0007533431053161621
occupancy2,verify,16,879.736,800.03,1.1003,1.099,0.000740736722946167
post_sched,decode,1,130.544,126.982,1.0261,1.0233,0.000862613320350647
post_sched,decode,4,147.794,141.953,1.0416,1.0403,0.0005784928798675537
post_sched,decode,8,148.616,142.734,1.0415,1.0408,0.0006270408630371094
post_sched,decode,16,294.146,282.001,1.0429,1.0416,0.000707283616065979
post_sched,verify,1,147.756,141.96,1.0408,1.0398,0.0005974471569061279
post_sched,verify,4,293.834,281.777,1.0426,1.0419,0.0010532736778259277
post_sched,verify,8,442.27,424.411,1.042,1.0415,0.0007533431053161621
post_sched,verify,16,879.736,848.165,1.0387,1.0363,0.000740736722946167
