run,phase,category,calls,total_us,kernels,ranks,total_us_per_rank,pct_of_run
isl32768_osl4_c4,EXTEND,comm,2016,5508312.167,2,4,1377078.04175,30.15483357808916
isl32768_osl4_c4,EXTEND,moe,9728,2514058.482,8,4,628514.6205,13.76302083684965
isl32768_osl4_c4,EXTEND,gemm,5616,2318575.883,4,4,579643.97075,12.692866302839679
isl32768_osl4_c4,EXTEND,linear_attn,6720,2039938.788,8,4,509984.697,11.167488841710176
isl32768_osl4_c4,EXTEND,norm,2992,1024389.004,4,4,256097.251,5.607939237704519
isl32768_osl4_c4,EXTEND,attention,544,473252.427,3,4,118313.10675,2.590784208292999
isl32768_osl4_c4,EXTEND,other,1920,182473.071,5,4,45618.26775,0.9989348681893335
isl32768_osl4_c4,EXTEND,quant,2688,109534.625,2,4,27383.65625,0.5996389252775993
isl32768_osl4_c4,EXTEND,elementwise,1936,101366.71,4,4,25341.6775,0.5549242994471025
isl32768_osl4_c4,EXTEND,index_copy,5788,55718.937,6,4,13929.73425,0.3050290581657651
isl32768_osl4_c4,EXTEND,activation,1216,31721.714,2,4,7930.4285,0.17365809661486836
isl32768_osl4_c4,EXTEND,embedding,48,2803.4849999999997,2,4,700.8712499999999,0.015347464168813014
isl32768_osl4_c4,EXTEND,memcpy,528,2127.483,3,4,531.87075,0.011646742933263001
isl32768_osl4_c4,EXTEND,kv_cache,16,90.064,1,4,22.516,0.000493048478197663
isl32768_osl4_c4,EXTEND,memset,32,77.688,1,4,19.422,0.00042529701294879253
isl32768_osl4_c4,TARGET_VERIFY,moe,960,30147.727,2,4,7536.93175,0.16504142519173695
isl32768_osl4_c4,TARGET_VERIFY,gemm,2768,20163.193,6,4,5040.79825,0.11038185761520444
isl32768_osl4_c4,TARGET_VERIFY,comm,976,9650.476999999999,2,4,2412.6192499999997,0.05283079808504562
isl32768_osl4_c4,TARGET_VERIFY,linear_attn,1560,9594.404,4,4,2398.601,0.052523830736071815
isl32768_osl4_c4,TARGET_VERIFY,attention,240,7068.705,2,4,1767.17625,0.03869708477391868
isl32768_osl4_c4,TARGET_VERIFY,norm,1448,6327.54,4,4,1581.885,0.034639633679770396
isl32768_osl4_c4,TARGET_VERIFY,other,240,2862.654,2,4,715.6635,0.01567138033294605
isl32768_osl4_c4,TARGET_VERIFY,activation,600,2657.889,2,4,664.47225,0.014550410004755604
isl32768_osl4_c4,TARGET_VERIFY,elementwise,480,2137.966,2,4,534.4915,0.011704131314824402
isl32768_osl4_c4,TARGET_VERIFY,index_copy,16,118.864,2,4,29.716,0.000650711875027614
isl32768_osl4_c4,TARGET_VERIFY,memcpy,16,60.903999999999996,1,4,15.225999999999999,0.0003334142889073378
isl32768_osl4_c4,TARGET_VERIFY,embedding,8,38.712,1,4,9.678,0.000211925882572259
isl32768_osl4_c4,copy_result_to_cpu,memcpy,32,117.089,1,4,29.27225,0.000640994773313268
isl32768_osl4_c4,draft,comm,64,4925.957,2,4,1231.48925,0.026966774765912308
isl32768_osl4_c4,draft,elementwise,328,2447.366,9,4,611.8415,0.013397917946046167
isl32768_osl4_c4,draft,gemm,96,2097.792,6,4,524.448,0.011484201825093623
isl32768_osl4_c4,draft,other,72,1713.974,3,4,428.4935,0.009383019545771467
isl32768_osl4_c4,draft,moe,96,1368.9089999999999,4,4,342.22724999999997,0.007493987600385113
isl32768_osl4_c4,draft,index_copy,192,931.571,4,4,232.89275,0.005099814175287299
isl32768_osl4_c4,draft,sampling,24,878.82,3,4,219.705,0.004811032861183939
isl32768_osl4_c4,draft,norm,96,419.427,3,4,104.85675,0.002296121025770688
isl32768_osl4_c4,draft,attention,32,350.45,2,4,87.6125,0.0019185117159394546
isl32768_osl4_c4,draft,embedding,32,147.489,2,4,36.87225,0.0008074172477448829
isl32768_osl4_c4,draft,quant,16,73.504,1,4,18.376,0.00040239202502044135
isl32768_osl4_c4,draft,activation,16,68.264,1,4,17.066,0.0003737060458749919
isl32768_osl4_c4,draft,kv_cache,16,66.824,1,4,16.706,0.00036582287603349436
isl32768_osl4_c4,draft,memcpy,16,55.983999999999995,1,4,13.995999999999999,0.0003064801252822212
isl32768_osl4_c4,draft_extend,other,72,2190.136,4,4,547.534,0.011989731988873658
isl32768_osl4_c4,draft_extend,elementwise,184,1446.102,5,4,361.5255,0.00791657477370089
isl32768_osl4_c4,draft_extend,gemm,40,1047.604,5,4,261.901,0.005735027957383469
isl32768_osl4_c4,draft_extend,moe,48,978.876,4,4,244.719,0.005358781779003993
isl32768_osl4_c4,draft_extend,index_copy,168,814.2379999999999,5,4,203.55949999999999,0.0044574836426397755
isl32768_osl4_c4,draft_extend,attention,24,699.379,3,4,174.84475,0.003828696833733828
isl32768_osl4_c4,draft_extend,memcpy,88,663.393,2,4,165.84825,0.0036316942296254033
isl32768_osl4_c4,draft_extend,comm,32,653.372,2,4,163.343,0.0035768350317214818
isl32768_osl4_c4,draft_extend,norm,48,206.312,3,4,51.578,0.0011294392613465567
isl32768_osl4_c4,draft_extend,embedding,32,147.968,2,4,36.992,0.000810039496601881
isl32768_osl4_c4,draft_extend,memset,16,69.344,1,4,17.336,0.0003796184232561151
isl32768_osl4_c4,draft_extend,kv_cache,8,33.513999999999996,1,4,8.378499999999999,0.00018346982921385325
isl32768_osl4_c4,draft_extend,activation,8,33.152,1,4,8.288,0.00018148808790647682
isl32768_osl4_c4,nccl:broadcast,comm,24,212.056,1,4,53.014,0.0011608843499365303
isl32768_osl4_c4,scheduler.get_next_batch_to_run,memcpy,360,18976.001999999997,2,4,4744.000499999999,0.1038826713045813
isl32768_osl4_c4,scheduler.get_next_batch_to_run,other,44,6634.183,4,4,1658.54575,0.0363183273253998
isl32768_osl4_c4,scheduler.get_next_batch_to_run,index_copy,200,4645.219,4,4,1161.30475,0.025429896061077352
isl32768_osl4_c4,scheduler.process_batch_result,memcpy,116,10542.33,1,4,2635.5825,0.05771317910771862
isl32768_osl4_c4,scheduler.process_batch_result,index_copy,80,1945.569,2,4,486.39225,0.010650868656494818
isl32768_osl4_c4,scheduler.process_batch_result,elementwise,4,12.196,1,4,3.049,6.676606901868336e-05
isl32768_osl4_c4,scheduler.run_batch,memcpy,144,3739643.728,3,4,934910.932,20.472393510079893
isl32768_osl4_c4,scheduler.run_batch,index_copy,328,1379.039,3,4,344.75975,0.007549443510450647
isl32768_osl4_c4,scheduler.run_batch,elementwise,216,955.269,6,4,238.81725,0.005229547063414943
isl32768_osl4_c4,scheduler.run_batch,sampling,8,565.713,1,4,141.42825,0.0030969525420438196
isl32768_osl4_c4,scheduler.run_batch,other,72,534.932,7,4,133.733,0.002928444312258309
isl32768_osl4_c4,scheduler.run_batch,linear_attn,16,490.746,1,4,122.6865,0.002686551435441357
isl32768_osl4_c4,scheduler.run_batch,attention,8,236.992,1,4,59.248,0.0012973945743584626
isl32768_osl4_c4,scheduler.run_batch,kv_cache,8,37.752,1,4,9.438,0.00020667043601126065
isl32768_osl4_c4,scheduler.run_batch,embedding,8,35.512,1,4,8.878,0.0001944077273689311
