category,isl32768_osl4_c4,total
comm,1380938.5072500003,1380938.5072500003
memcpy,943046.72825,943046.72825
moe,636638.4985,636638.4985
gemm,585471.118,585471.118
linear_attn,512505.98449999996,512505.98449999996
norm,257835.57074999998,257835.57074999998
attention,120401.98825,120401.98825
other,49102.237499999996,49102.237499999996
quant,27402.03225,27402.03225
elementwise,27091.40225,27091.40225
index_copy,16388.35925,16388.35925
activation,8620.25475,8620.25475
embedding,793.2915,793.2915
sampling,361.13325,361.13325
kv_cache,57.0385,57.0385
memset,36.758,36.758
