Metric,avg,min,max,sum,p1,p5,p10,p25,p50,p75,p90,p95,p99,std
Active Decode Throughput (tokens/sec),186.67,0.00,319514.58,,,,,,150.81,,361.80,449.79,597.65,265.96
Active Decode Throughput Per User (tokens/sec/user),91.77,0.00,159757.29,,,,,,75.11,,183.04,237.44,292.58,159.14
Active Prefill Throughput (tokens/sec),81069.67,5551.78,257252.69,,,,,,71015.74,,158192.31,178956.76,231308.63,52929.07
Active Prefill Throughput Per User (tokens/sec/user),70814.83,5551.78,233920.85,,,,,,60957.57,,144939.82,173131.24,229097.18,46414.58
Active Total Throughput (tokens/sec),16294.24,69.62,257334.63,,,,,,219.04,,71063.64,104450.54,178956.76,40016.33
Credit-to-Start Latency (ms),0.87,0.47,4.04,163.22,0.50,0.54,0.58,0.67,0.78,0.95,1.20,1.40,2.67,0.40
Decode Duration (ms),10896.48,126.78,141620.86,2037641.53,600.64,767.65,874.67,1200.24,3605.18,8664.81,33325.32,54012.28,100094.43,21667.14
E2E Output Token Throughput (tokens/sec/user),60.90,15.97,117.41,11388.01,16.99,21.12,23.26,35.47,62.33,81.14,100.36,108.50,111.05,27.99
Effective Concurrency,2.37,0.00,6.00,,,,,,2.00,,5.00,6.00,6.00,1.81
Effective Decode Concurrency,2.17,0.00,6.00,,,,,,2.00,,5.00,6.00,6.00,1.73
Effective Decode Throughput (tokens/sec),160.92,0.00,319514.58,,,,,,130.44,,340.42,431.35,591.27,255.19
Effective Decode Throughput Per User (tokens/sec/user),79.10,0.00,159757.29,,,,,,63.60,,170.12,227.95,287.71,151.10
Effective Latency (CO-aware) (ms),11931.73,254.75,142707.43,2231233.85,961.58,1313.90,1474.27,2029.05,4422.11,9772.87,34796.58,55536.33,101514.90,21834.45
Effective Prefill Concurrency,0.21,0.00,4.00,,,,,,0.00,,1.00,1.00,2.00,0.48
Effective Prefill Throughput (tokens/sec),14270.89,0.00,257252.69,,,,,,0.00,,62419.78,99134.11,178008.96,38031.96
Effective Prefill Throughput Per User (tokens/sec/user),12465.71,0.00,233920.85,,,,,,0.00,,53641.23,85273.69,169841.32,33265.48
Effective Total Throughput (tokens/sec),14431.81,0.00,257334.63,,,,,,206.85,,62574.52,99154.11,178008.96,38015.19
Full Decode Duration (ms),10896.52,126.80,141620.90,2037649.69,600.67,767.68,874.71,1200.28,3605.24,8664.84,33325.36,54012.32,100094.48,21667.14
Full-Response Inter Token Latency (ms),16.83,6.34,49.99,3147.65,8.16,8.41,8.53,8.78,9.39,25.94,35.96,37.67,40.54,11.16
Full-Response Output Token Throughput Per User (tokens/sec/user),82.99,20.00,157.73,15519.92,24.67,26.55,27.81,38.55,106.52,113.96,117.27,118.84,122.57,37.25
HTTP Blocked (ms),0.00,0.00,0.00,0.00,0.00,0.00,0.00,0.00,0.00,0.00,0.00,0.00,0.00,0.00
HTTP Chunks Received,8.91,2.00,96.00,1666.00,2.00,2.00,2.00,3.00,3.00,6.00,27.40,39.00,65.96,14.44
HTTP Chunks Sent,1.00,1.00,1.00,187.00,1.00,1.00,1.00,1.00,1.00,1.00,1.00,1.00,1.00,0.00
HTTP Connecting (ms),0.02,0.00,0.82,4.59,0.00,0.00,0.00,0.00,0.00,0.00,0.00,0.00,0.72,0.12
HTTP Connection Overhead (ms),0.03,0.00,1.11,5.60,0.00,0.00,0.00,0.00,0.00,0.00,0.00,0.00,0.95,0.15
HTTP Connection Reused (ratio),0.96,0.00,1.00,179.00,0.00,1.00,1.00,1.00,1.00,1.00,1.00,1.00,1.00,0.20
HTTP Data Received (KB),4.27,1.45,40.10,797.61,1.52,1.54,1.57,1.83,2.16,3.27,11.64,16.13,25.80,5.66
HTTP Data Sent (KB),244.45,2.48,749.73,45712.69,60.44,63.65,77.91,151.00,213.83,307.79,408.26,550.85,724.89,142.74
HTTP DNS Lookup (ms),0.01,0.00,0.29,1.01,0.00,0.00,0.00,0.00,0.00,0.00,0.00,0.00,0.23,0.04
HTTP Duration (excl. conn) (ms),11930.78,253.89,142706.60,2231056.51,960.95,1313.17,1473.18,2028.33,4420.89,9771.97,34795.08,55535.63,101513.82,21834.40
HTTP Receiving (ms),10896.48,126.78,141620.86,2037641.09,600.65,767.65,874.67,1200.24,3605.17,8664.81,33325.32,54012.27,100094.43,21667.14
HTTP Sending (ms),0.21,0.11,1.02,38.56,0.11,0.12,0.13,0.14,0.18,0.21,0.24,0.30,0.99,0.14
HTTP Total Time (ms),11930.81,253.89,142706.60,2231062.11,960.95,1313.17,1473.35,2028.33,4420.89,9771.97,34795.08,55535.63,101513.82,21834.40
HTTP Waiting (TTFB) (ms),1034.10,126.94,5121.12,193376.87,260.63,365.10,445.10,625.14,850.68,1226.05,1804.54,2541.54,2902.28,655.27
Input Sequence Length (tokens),71736.16,706.00,219752.00,13414662.00,17576.08,18605.10,22668.40,44136.50,63244.00,89819.00,120110.80,160821.40,211768.74,41681.77
Inter Chunk Latency (ms),1377.72,0.35,16806.80,2037641.53,124.08,382.89,415.95,446.05,877.66,1740.38,3026.43,4045.79,6979.32,1449.09
Inter Token Latency (ms),16.83,6.34,49.99,3147.60,8.16,8.41,8.53,8.77,9.39,25.94,35.96,37.67,40.54,11.16
OSL Mismatch Diff % (%),0.00,0.00,0.00,0.00,0.00,0.00,0.00,0.00,0.00,0.00,0.00,0.00,0.00,0.00
Output Sequence Length (tokens),809.89,21.00,10912.00,151449.00,69.60,85.30,100.00,115.00,162.00,466.50,2916.60,4271.80,7075.66,1660.42
Output Token Count (tokens),809.89,21.00,10912.00,151449.00,69.60,85.30,100.00,115.00,162.00,466.50,2916.60,4271.80,7075.66,1660.42
Output Token Throughput Per User (tokens/sec/user),83.00,20.00,157.75,15520.30,24.67,26.55,27.81,38.55,106.53,113.96,117.27,118.85,122.57,37.25
Prefill Throughput Per User (tokens/sec/user),82476.97,5551.78,233920.85,15423193.34,13178.25,22873.37,28671.51,47171.04,70819.38,98007.11,167984.76,188378.04,229231.94,50745.42
Request Latency (ms),11930.86,253.95,142706.67,2231070.63,961.01,1313.24,1473.24,2028.39,4420.98,9772.05,34795.19,55535.70,101513.91,21834.40
Time to First Output Token (ms),1034.38,127.17,5121.77,193429.10,260.79,365.85,445.35,625.36,850.95,1226.35,1805.16,2541.84,2902.55,655.29
Time to First Token (ms),1034.38,127.17,5121.77,193429.10,260.79,365.85,445.35,625.36,850.95,1226.35,1805.16,2541.84,2902.55,655.29
Time to Second Token (ms),1557.37,126.78,9458.91,291227.51,257.78,411.51,425.06,450.84,924.76,1884.90,3634.94,4040.61,8701.39,1557.12
Tokens In Flight (tokens),210569.10,0.00,521356.67,,,,,,168962.40,,438966.15,491847.74,513339.35,151008.66
Usage Completion Tokens (tokens),809.89,21.00,10912.00,151449.00,69.60,85.30,100.00,115.00,162.00,466.50,2916.60,4271.80,7075.66,1660.42
Usage Prompt Cache Read Tokens (tokens),68110.96,12864.00,217536.00,12532416.00,16543.36,18121.60,19526.40,40880.00,58144.00,87680.00,117952.00,142108.80,203149.44,40569.81
Usage Prompt Tokens (tokens),71736.16,706.00,219752.00,13414662.00,17576.08,18605.10,22668.40,44136.50,63244.00,89819.00,120110.80,160821.40,211768.74,41681.77
Usage Total Tokens (tokens),72546.05,727.00,221402.00,13566111.00,17717.56,18716.30,22776.80,44283.50,63591.00,90132.50,120620.20,162251.80,212768.42,42114.57

Metric,Value
Benchmark Duration (sec),918.04
Input Token Throughput (tokens/sec),14270.89
OSL Mismatch Count,0.00
Output Token Throughput (tokens/sec),161.12
Overall Usage Prompt Cache Read % (%),93.42
Request Count,187.00
Request Throughput (requests/sec),0.20
Theoretical Prefix Cache Hit (%),93.88
Total Input Sequence Length (tokens),13414662.00
Total Output Sequence Length (tokens),151449.00
Total Output Tokens (tokens),151449.00
Total Token Throughput (tokens/sec),14432.00
Total Usage Completion Tokens (tokens),151449.00
Total Usage Prompt Cache Read Tokens (tokens),12532416.00
Total Usage Prompt Tokens (tokens),13414662.00
Total Usage Total Tokens (tokens),13566111.00
