"Name","Calls","TotalDurationNs","AverageNs","Percentage","MinNs","MaxNs","StdDev"
"_causal_conv1d_fwd_kernel",8,1625773,203221.625000,11.23,196842,208162,3836.245968
"kernel_0",8,1556934,194616.750000,10.75,189442,196922,2506.811905
"void at::native::elementwise_kernel_manual_unroll<128, 4, at::native::gpu_kernel_impl_nocast<at::native::direct_copy_kernel_cuda(at::TensorIteratorBase&)::{lambda()#3}::operator()() const::{lambda()#7}::operator()() const::{lambda(float)#1}>(at::TensorIteratorBase&, at::native::direct_copy_kernel_cuda(at::TensorIteratorBase&)::{lambda()#3}::operator()() const::{lambda()#7}::operator()() const::{lambda(float)#1} const&)::{lambda(int, bool)#1}>(int, at::native::gpu_kernel_impl_nocast<at::native::direct_copy_kernel_cuda(at::TensorIteratorBase&)::{lambda()#3}::operator()() const::{lambda()#7}::operator()() const::{lambda(float)#1}>(at::TensorIteratorBase&, at::native::direct_copy_kernel_cuda(at::TensorIteratorBase&)::{lambda()#3}::operator()() const::{lambda()#7}::operator()() const::{lambda(float)#1} const&)::{lambda(int, bool)#1})",3,1438172,479390.666667,9.93,456844,500724,21965.148152
"void at::native::vectorized_elementwise_kernel<8, at::native::BinaryFunctor<c10::BFloat16, c10::BFloat16, bool, at::native::(anonymous namespace)::CompareEqFunctor<c10::BFloat16> >, std::array<char*, 3ul> >(int, at::native::BinaryFunctor<c10::BFloat16, c10::BFloat16, bool, at::native::(anonymous namespace)::CompareEqFunctor<c10::BFloat16> >, std::array<char*, 3ul>)",24,1363569,56815.375000,9.42,9480,112360,38109.711837
"void at::native::reduce_kernel<512, 1, at::native::ReduceOp<bool, at::native::func_wrapper_t<bool, at::native::and_kernel_cuda(at::TensorIterator&)::{lambda()#1}::operator()() const::{lambda()#12}::operator()() const::{lambda(bool, bool)#1}>, unsigned int, bool, 4, 4> >(at::native::ReduceOp<bool, at::native::func_wrapper_t<bool, at::native::and_kernel_cuda(at::TensorIterator&)::{lambda()#1}::operator()() const::{lambda()#12}::operator()() const::{lambda(bool, bool)#1}>, unsigned int, bool, 4, 4>)",21,1224808,58324.190476,8.46,16120,107881,37737.648866
"void at::native::vectorized_elementwise_kernel<8, at::native::AbsFunctor<c10::BFloat16>, std::array<char*, 2ul> >(int, at::native::AbsFunctor<c10::BFloat16>, std::array<char*, 2ul>)",21,1222410,58210.000000,8.44,11240,84961,30495.731365
"void at::native::vectorized_elementwise_kernel<4, at::native::CUDAFunctor_add<float>, std::array<char*, 3ul> >(int, at::native::CUDAFunctor_add<float>, std::array<char*, 3ul>)",3,821206,273735.333333,5.67,261642,291442,15672.974617
"void at::native::vectorized_elementwise_kernel<4, at::native::bfloat16tofloat32_copy_kernel_cuda(at::TensorIteratorBase&)::{lambda(c10::BFloat16)#1}, std::array<char*, 2ul> >(int, at::native::bfloat16tofloat32_copy_kernel_cuda(at::TensorIteratorBase&)::{lambda(c10::BFloat16)#1}, std::array<char*, 2ul>)",6,714726,119121.000000,4.94,109560,130402,9786.455988
"void at::native::vectorized_elementwise_kernel<8, at::native::AUnaryFunctor<c10::BFloat16, c10::BFloat16, bool, at::native::(anonymous namespace)::CompareEqFunctor<c10::BFloat16> >, std::array<char*, 2ul> >(int, at::native::AUnaryFunctor<c10::BFloat16, c10::BFloat16, bool, at::native::(anonymous namespace)::CompareEqFunctor<c10::BFloat16> >, std::array<char*, 2ul>)",15,701126,46741.733333,4.84,9760,75000,30618.144622
"void at::native::vectorized_elementwise_kernel<16, at::native::BinaryFunctor<bool, bool, bool, at::native::binary_internal::MulFunctor<bool> >, std::array<char*, 3ul> >(int, at::native::BinaryFunctor<bool, bool, bool, at::native::binary_internal::MulFunctor<bool> >, std::array<char*, 3ul>)",15,616207,41080.466667,4.26,9360,64400,25953.867870
"void at::native::vectorized_elementwise_kernel<4, at::native::AbsFunctor<float>, std::array<char*, 2ul> >(int, at::native::AbsFunctor<float>, std::array<char*, 2ul>)",3,474403,158134.333333,3.28,155041,160441,2784.624451
"__amd_rocclr_copyBuffer",46,437563,9512.239130,3.02,3400,79440,12039.249324
"void at::native::vectorized_elementwise_kernel<8, at::native::CUDAFunctor_add<c10::BFloat16>, std::array<char*, 3ul> >(int, at::native::CUDAFunctor_add<c10::BFloat16>, std::array<char*, 3ul>)",3,399764,133254.666667,2.76,130401,138641,4667.461873
"void at::native::reduce_kernel<512, 1, at::native::ReduceOp<float, at::native::func_wrapper_t<float, at::native::MaxNanFunctor<float> >, unsigned int, float, 4, 4> >(at::native::ReduceOp<float, at::native::func_wrapper_t<float, at::native::MaxNanFunctor<float> >, unsigned int, float, 4, 4>)",3,397204,132401.333333,2.74,128401,136042,3833.176272
"void at::native::vectorized_elementwise_kernel<8, at::native::(anonymous namespace)::CompareFunctor<c10::BFloat16>, std::array<char*, 3ul> >(int, at::native::(anonymous namespace)::CompareFunctor<c10::BFloat16>, std::array<char*, 3ul>)",3,344002,114667.333333,2.38,113320,117001,2029.058977
"void at::native::vectorized_elementwise_kernel<8, at::native::CUDAFunctorOnSelf_add<c10::BFloat16>, std::array<char*, 2ul> >(int, at::native::CUDAFunctorOnSelf_add<c10::BFloat16>, std::array<char*, 2ul>)",3,249201,83067.000000,1.72,82520,84041,845.639994
"void at::native::vectorized_elementwise_kernel<8, at::native::AUnaryFunctor<c10::BFloat16, c10::BFloat16, c10::BFloat16, at::native::binary_internal::MulFunctor<float> >, std::array<char*, 2ul> >(int, at::native::AUnaryFunctor<c10::BFloat16, c10::BFloat16, c10::BFloat16, at::native::binary_internal::MulFunctor<float> >, std::array<char*, 2ul>)",4,217882,54470.500000,1.50,3320,71801,34102.042759
"void at::native::(anonymous namespace)::distribution_elementwise_grid_stride_kernel<float, 4, at::native::templates::cuda::normal_and_transform<c10::BFloat16, float, at::CUDAGeneratorImpl*, at::native::templates::cuda::normal_kernel<at::CUDAGeneratorImpl*>(at::TensorBase const&, double, double, at::CUDAGeneratorImpl*)::{lambda()#1}::operator()() const::{lambda()#4}::operator()() const::{lambda(float)#1}>(at::TensorIteratorBase&, at::CUDAGeneratorImpl*, at::native::templates::cuda::normal_kernel<at::CUDAGeneratorImpl*>(at::TensorBase const&, double, double, at::CUDAGeneratorImpl*)::{lambda()#1}::operator()() const::{lambda()#4}::operator()() const::{lambda(float)#1})::{lambda(hiprandStatePhilox4_32_10*)#2}, at::native::(anonymous namespace)::distribution_nullary_kernel<c10::BFloat16, float, HIP_vector_type<float, 4u>, at::CUDAGeneratorImpl*, at::native::templates::cuda::normal_and_transform<c10::BFloat16, float, at::CUDAGeneratorImpl*, at::native::templates::cuda::normal_kernel<at::CUDAGeneratorImpl*>(at::TensorBase const&, double, double, at::CUDAGeneratorImpl*)::{lambda()#1}::operator()() const::{lambda()#4}::operator()() const::{lambda(float)#1}>(at::TensorIteratorBase&, at::CUDAGeneratorImpl*, at::native::templates::cuda::normal_kernel<at::CUDAGeneratorImpl*>(at::TensorBase const&, double, double, at::CUDAGeneratorImpl*)::{lambda()#1}::operator()() const::{lambda()#4}::operator()() const::{lambda(float)#1})::{lambda(hiprandStatePhilox4_32_10*)#2}, at::native::templates::cuda::normal_kernel<at::CUDAGeneratorImpl*>(at::TensorBase const&, double, double, at::CUDAGeneratorImpl*)::{lambda()#1}::operator()() const::{lambda()#4}::operator()() const::{lambda(float)#1}>(at::TensorIteratorBase&, at::CUDAGeneratorImpl*, at::native::templates::cuda::normal_and_transform<c10::BFloat16, float, at::CUDAGeneratorImpl*, at::native::templates::cuda::normal_kernel<at::CUDAGeneratorImpl*>(at::TensorBase const&, double, double, at::CUDAGeneratorImpl*)::{lambda()#1}::operator()() const::{lambda()#4}::operator()() const::{lambda(float)#1}>(at::TensorIteratorBase&, at::CUDAGeneratorImpl*, at::native::templates::cuda::normal_kernel<at::CUDAGeneratorImpl*>(at::TensorBase const&, double, double, at::CUDAGeneratorImpl*)::{lambda()#1}::operator()() const::{lambda()#4}::operator()() const::{lambda(float)#1})::{lambda(hiprandStatePhilox4_32_10*)#2} const&, at::native::templates::cuda::normal_kernel<at::CUDAGeneratorImpl*>(at::TensorBase const&, double, double, at::CUDAGeneratorImpl*)::{lambda()#1}::operator()() const::{lambda()#4}::operator()() const::{lambda(float)#1})::{lambda(int, float)#1}>(long, at::PhiloxCudaState, at::native::templates::cuda::normal_and_transform<c10::BFloat16, float, at::CUDAGeneratorImpl*, at::native::templates::cuda::normal_kernel<at::CUDAGeneratorImpl*>(at::TensorBase const&, double, double, at::CUDAGeneratorImpl*)::{lambda()#1}::operator()() const::{lambda()#4}::operator()() const::{lambda(float)#1}>(at::TensorIteratorBase&, at::CUDAGeneratorImpl*, at::native::templates::cuda::normal_kernel<at::CUDAGeneratorImpl*>(at::TensorBase const&, double, double, at::CUDAGeneratorImpl*)::{lambda()#1}::operator()() const::{lambda()#4}::operator()() const::{lambda(float)#1})::{lambda(hiprandStatePhilox4_32_10*)#2}, at::native::(anonymous namespace)::distribution_nullary_kernel<c10::BFloat16, float, HIP_vector_type<float, 4u>, at::CUDAGeneratorImpl*, at::native::templates::cuda::normal_and_transform<c10::BFloat16, float, at::CUDAGeneratorImpl*, at::native::templates::cuda::normal_kernel<at::CUDAGeneratorImpl*>(at::TensorBase const&, double, double, at::CUDAGeneratorImpl*)::{lambda()#1}::operator()() const::{lambda()#4}::operator()() const::{lambda(float)#1}>(at::TensorIteratorBase&, at::CUDAGeneratorImpl*, at::native::templates::cuda::normal_kernel<at::CUDAGeneratorImpl*>(at::TensorBase const&, double, double, at::CUDAGeneratorImpl*)::{lambda()#1}::operator()() const::{lambda()#4}::operator()() const::{lambda(float)#1})::{lambda(hiprandStatePhilox4_32_10*)#2}, at::native::templates::cuda::normal_kernel<at::CUDAGeneratorImpl*>(at::TensorBase const&, double, double, at::CUDAGeneratorImpl*)::{lambda()#1}::operator()() const::{lambda()#4}::operator()() const::{lambda(float)#1}>(at::TensorIteratorBase&, at::CUDAGeneratorImpl*, at::native::templates::cuda::normal_and_transform<c10::BFloat16, float, at::CUDAGeneratorImpl*, at::native::templates::cuda::normal_kernel<at::CUDAGeneratorImpl*>(at::TensorBase const&, double, double, at::CUDAGeneratorImpl*)::{lambda()#1}::operator()() const::{lambda()#4}::operator()() const::{lambda(float)#1}>(at::TensorIteratorBase&, at::CUDAGeneratorImpl*, at::native::templates::cuda::normal_kernel<at::CUDAGeneratorImpl*>(at::TensorBase const&, double, double, at::CUDAGeneratorImpl*)::{lambda()#1}::operator()() const::{lambda()#4}::operator()() const::{lambda(float)#1})::{lambda(hiprandStatePhilox4_32_10*)#2} const&, at::native::templates::cuda::normal_kernel<at::CUDAGeneratorImpl*>(at::TensorBase const&, double, double, at::CUDAGeneratorImpl*)::{lambda()#1}::operator()() const::{lambda()#4}::operator()() const::{lambda(float)#1})::{lambda(int, float)#1})",3,184561,61520.333333,1.27,3920,154321,81144.394756
"void at::native::vectorized_elementwise_kernel<16, at::native::BinaryFunctor<bool, bool, bool, at::native::BitwiseAndFunctor<bool> >, std::array<char*, 3ul> >(int, at::native::BinaryFunctor<bool, bool, bool, at::native::BitwiseAndFunctor<bool> >, std::array<char*, 3ul>)",3,168802,56267.333333,1.17,54961,57000,1134.107726
"void at::native::vectorized_elementwise_kernel<16, at::native::BinaryFunctor<bool, bool, bool, at::native::BitwiseOrFunctor<bool> >, std::array<char*, 3ul> >(int, at::native::BinaryFunctor<bool, bool, bool, at::native::BitwiseOrFunctor<bool> >, std::array<char*, 3ul>)",3,154081,51360.333333,1.06,48481,53640,2631.258317
"__amd_rocclr_fillBufferAligned",24,117241,4885.041667,0.8097,1880,5640,964.524459
"void at::native::vectorized_elementwise_kernel<4, at::native::FillFunctor<long>, std::array<char*, 1ul> >(int, at::native::FillFunctor<long>, std::array<char*, 1ul>)",5,18680,3736.000000,0.1290,2240,5280,1262.251956
"void rocprim::ROCPRIM_400200_NS::detail::trampoline_kernel<rocprim::ROCPRIM_400200_NS::detail::wrapped_radix_sort_block_sort_config<rocprim::ROCPRIM_400200_NS::kernel_config<256u, 4u, 4294967295u>, int, at::cuda::cub::detail::OpaqueType<8> >, (rocprim::ROCPRIM_400200_NS::detail::target_arch)950, rocprim::ROCPRIM_400200_NS::detail::radix_sort_block_sort<rocprim::ROCPRIM_400200_NS::kernel_config<256u, 4u, 4294967295u>, false, int const*, int*, at::cuda::cub::detail::OpaqueType<8> const*, at::cuda::cub::detail::OpaqueType<8>*, rocprim::ROCPRIM_400200_NS::identity_decomposer>(int const*, int*, at::cuda::cub::detail::OpaqueType<8> const*, at::cuda::cub::detail::OpaqueType<8>*, unsigned int, unsigned int&, rocprim::ROCPRIM_400200_NS::identity_decomposer, unsigned int, unsigned int, ihipStream_t*, bool)::{lambda(auto:1)#1}, rocprim::ROCPRIM_400200_NS::detail::radix_sort_config_selector>(rocprim::ROCPRIM_400200_NS::detail::radix_sort_block_sort<rocprim::ROCPRIM_400200_NS::kernel_config<256u, 4u, 4294967295u>, false, int const*, int*, at::cuda::cub::detail::OpaqueType<8> const*, at::cuda::cub::detail::OpaqueType<8>*, rocprim::ROCPRIM_400200_NS::identity_decomposer>(int const*, int*, at::cuda::cub::detail::OpaqueType<8> const*, at::cuda::cub::detail::OpaqueType<8>*, unsigned int, unsigned int&, rocprim::ROCPRIM_400200_NS::identity_decomposer, unsigned int, unsigned int, ihipStream_t*, bool)::{lambda(auto:1)#1})",1,9360,9360.000000,0.0646,9360,9360,0.00000000e+00
"void at::native::(anonymous namespace)::distribution_elementwise_grid_stride_kernel<unsigned long, 2, at::native::templates::cuda::random_from_to_kernel<at::CUDAGeneratorImpl*>(at::TensorIteratorBase&, unsigned long, long, at::CUDAGeneratorImpl*)::{lambda()#1}::operator()() const::{lambda()#3}::operator()() const::{lambda(hiprandStatePhilox4_32_10*)#1}, at::native::(anonymous namespace)::distribution_nullary_kernel<int, unsigned long, HIP_vector_type<unsigned long long, 2u>, at::CUDAGeneratorImpl*, at::native::templates::cuda::random_from_to_kernel<at::CUDAGeneratorImpl*>(at::TensorIteratorBase&, unsigned long, long, at::CUDAGeneratorImpl*)::{lambda()#1}::operator()() const::{lambda()#3}::operator()() const::{lambda(hiprandStatePhilox4_32_10*)#1}, at::native::templates::cuda::random_from_to_kernel<at::CUDAGeneratorImpl*>(at::TensorIteratorBase&, unsigned long, long, at::CUDAGeneratorImpl*)::{lambda()#1}::operator()() const::{lambda()#3}::operator()() const::{lambda(unsigned long)#1}>(at::TensorIteratorBase&, at::CUDAGeneratorImpl*, at::native::templates::cuda::random_from_to_kernel<at::CUDAGeneratorImpl*>(at::TensorIteratorBase&, unsigned long, long, at::CUDAGeneratorImpl*)::{lambda()#1}::operator()() const::{lambda()#3}::operator()() const::{lambda(hiprandStatePhilox4_32_10*)#1} const&, at::native::templates::cuda::random_from_to_kernel<at::CUDAGeneratorImpl*>(at::TensorIteratorBase&, unsigned long, long, at::CUDAGeneratorImpl*)::{lambda()#1}::operator()() const::{lambda()#3}::operator()() const::{lambda(unsigned long)#1})::{lambda(int, unsigned long)#1}>(long, at::PhiloxCudaState, at::native::templates::cuda::random_from_to_kernel<at::CUDAGeneratorImpl*>(at::TensorIteratorBase&, unsigned long, long, at::CUDAGeneratorImpl*)::{lambda()#1}::operator()() const::{lambda()#3}::operator()() const::{lambda(hiprandStatePhilox4_32_10*)#1}, at::native::(anonymous namespace)::distribution_nullary_kernel<int, unsigned long, HIP_vector_type<unsigned long long, 2u>, at::CUDAGeneratorImpl*, at::native::templates::cuda::random_from_to_kernel<at::CUDAGeneratorImpl*>(at::TensorIteratorBase&, unsigned long, long, at::CUDAGeneratorImpl*)::{lambda()#1}::operator()() const::{lambda()#3}::operator()() const::{lambda(hiprandStatePhilox4_32_10*)#1}, at::native::templates::cuda::random_from_to_kernel<at::CUDAGeneratorImpl*>(at::TensorIteratorBase&, unsigned long, long, at::CUDAGeneratorImpl*)::{lambda()#1}::operator()() const::{lambda()#3}::operator()() const::{lambda(unsigned long)#1}>(at::TensorIteratorBase&, at::CUDAGeneratorImpl*, at::native::templates::cuda::random_from_to_kernel<at::CUDAGeneratorImpl*>(at::TensorIteratorBase&, unsigned long, long, at::CUDAGeneratorImpl*)::{lambda()#1}::operator()() const::{lambda()#3}::operator()() const::{lambda(hiprandStatePhilox4_32_10*)#1} const&, at::native::templates::cuda::random_from_to_kernel<at::CUDAGeneratorImpl*>(at::TensorIteratorBase&, unsigned long, long, at::CUDAGeneratorImpl*)::{lambda()#1}::operator()() const::{lambda()#3}::operator()() const::{lambda(unsigned long)#1})::{lambda(int, unsigned long)#1})",1,5280,5280.000000,0.0365,5280,5280,0.00000000e+00
"void rocprim::ROCPRIM_400200_NS::detail::trampoline_kernel<rocprim::ROCPRIM_400200_NS::detail::wrapped_merge_sort_block_merge_config<rocprim::ROCPRIM_400200_NS::default_config, int, at::cuda::cub::detail::OpaqueType<8> >, (rocprim::ROCPRIM_400200_NS::detail::target_arch)950, rocprim::ROCPRIM_400200_NS::detail::merge_sort_block_merge_impl<rocprim::ROCPRIM_400200_NS::default_config, int*, at::cuda::cub::detail::OpaqueType<8>*, unsigned int, rocprim::ROCPRIM_400200_NS::detail::radix_merge_compare<false, true, int, rocprim::ROCPRIM_400200_NS::identity_decomposer> >(int*, at::cuda::cub::detail::OpaqueType<8>*, unsigned int, unsigned int, rocprim::ROCPRIM_400200_NS::detail::radix_merge_compare<false, true, int, rocprim::ROCPRIM_400200_NS::identity_decomposer>, ihipStream_t*, bool, std::iterator_traits<int*>::value_type*, std::iterator_traits<at::cuda::cub::detail::OpaqueType<8>*>::value_type*, unsigned int*, rocprim::ROCPRIM_400200_NS::detail::vsmem_t)::{lambda(auto:1, auto:2, auto:3, auto:4)#1}::operator()<int*, int*, at::cuda::cub::detail::OpaqueType<8>*, at::cuda::cub::detail::OpaqueType<8>*>(int*, int*, at::cuda::cub::detail::OpaqueType<8>*, at::cuda::cub::detail::OpaqueType<8>*) const::{lambda(auto:1)#3}, rocprim::ROCPRIM_400200_NS::detail::merge_oddeven_config_selector>(rocprim::ROCPRIM_400200_NS::detail::merge_sort_block_merge_impl<rocprim::ROCPRIM_400200_NS::default_config, int*, at::cuda::cub::detail::OpaqueType<8>*, unsigned int, rocprim::ROCPRIM_400200_NS::detail::radix_merge_compare<false, true, int, rocprim::ROCPRIM_400200_NS::identity_decomposer> >(int*, at::cuda::cub::detail::OpaqueType<8>*, unsigned int, unsigned int, rocprim::ROCPRIM_400200_NS::detail::radix_merge_compare<false, true, int, rocprim::ROCPRIM_400200_NS::identity_decomposer>, ihipStream_t*, bool, std::iterator_traits<int*>::value_type*, std::iterator_traits<at::cuda::cub::detail::OpaqueType<8>*>::value_type*, unsigned int*, rocprim::ROCPRIM_400200_NS::detail::vsmem_t)::{lambda(auto:1, auto:2, auto:3, auto:4)#1}::operator()<int*, int*, at::cuda::cub::detail::OpaqueType<8>*, at::cuda::cub::detail::OpaqueType<8>*>(int*, int*, at::cuda::cub::detail::OpaqueType<8>*, at::cuda::cub::detail::OpaqueType<8>*) const::{lambda(auto:1)#3})",1,5280,5280.000000,0.0365,5280,5280,0.00000000e+00
"void (anonymous namespace)::elementwise_kernel_with_index<int, at::native::arange_cuda_out(c10::Scalar const&, c10::Scalar const&, c10::Scalar const&, at::Tensor&)::{lambda()#1}::operator()() const::{lambda()#4}::operator()() const::{lambda(long)#1}>(int, at::native::arange_cuda_out(c10::Scalar const&, c10::Scalar const&, c10::Scalar const&, at::Tensor&)::{lambda()#1}::operator()() const::{lambda()#4}::operator()() const::{lambda(long)#1}, function_traits<at::native::arange_cuda_out(c10::Scalar const&, c10::Scalar const&, c10::Scalar const&, at::Tensor&)::{lambda()#1}::operator()() const::{lambda()#4}::operator()() const::{lambda(long)#1}>::result_type*)",1,3640,3640.000000,0.0251,3640,3640,0.00000000e+00
"void rocprim::ROCPRIM_400200_NS::detail::trampoline_kernel<rocprim::ROCPRIM_400200_NS::detail::wrapped_transform_config<rocprim::ROCPRIM_400200_NS::default_config, at::cuda::cub::detail::OpaqueType<8>, true>, (rocprim::ROCPRIM_400200_NS::detail::target_arch)950, rocprim::ROCPRIM_400200_NS::detail::transform_impl<true, rocprim::ROCPRIM_400200_NS::default_config, at::cuda::cub::detail::OpaqueType<8>*, at::cuda::cub::detail::OpaqueType<8>*, rocprim::ROCPRIM_400200_NS::identity<at::cuda::cub::detail::OpaqueType<8> > >(at::cuda::cub::detail::OpaqueType<8>*, at::cuda::cub::detail::OpaqueType<8>*, unsigned long, rocprim::ROCPRIM_400200_NS::identity<at::cuda::cub::detail::OpaqueType<8> >, ihipStream_t*, bool)::{lambda(auto:1)#1}, rocprim::ROCPRIM_400200_NS::detail::default_config_selector>(rocprim::ROCPRIM_400200_NS::detail::transform_impl<true, rocprim::ROCPRIM_400200_NS::default_config, at::cuda::cub::detail::OpaqueType<8>*, at::cuda::cub::detail::OpaqueType<8>*, rocprim::ROCPRIM_400200_NS::identity<at::cuda::cub::detail::OpaqueType<8> > >(at::cuda::cub::detail::OpaqueType<8>*, at::cuda::cub::detail::OpaqueType<8>*, unsigned long, rocprim::ROCPRIM_400200_NS::identity<at::cuda::cub::detail::OpaqueType<8> >, ihipStream_t*, bool)::{lambda(auto:1)#1})",1,3240,3240.000000,0.0224,3240,3240,0.00000000e+00
"void (anonymous namespace)::randperm_handle_duplicate_keys_kernel<int, at::native::(anonymous namespace)::OpaqueType<8> >(int*, at::native::(anonymous namespace)::OpaqueType<8>*, int, int, at::PhiloxCudaState)",1,2680,2680.000000,0.0185,2680,2680,0.00000000e+00
"void rocprim::ROCPRIM_400200_NS::detail::trampoline_kernel<rocprim::ROCPRIM_400200_NS::detail::wrapped_transform_config<rocprim::ROCPRIM_400200_NS::default_config, int, true>, (rocprim::ROCPRIM_400200_NS::detail::target_arch)950, rocprim::ROCPRIM_400200_NS::detail::transform_impl<true, rocprim::ROCPRIM_400200_NS::default_config, int*, int*, rocprim::ROCPRIM_400200_NS::identity<int> >(int*, int*, unsigned long, rocprim::ROCPRIM_400200_NS::identity<int>, ihipStream_t*, bool)::{lambda(auto:1)#1}, rocprim::ROCPRIM_400200_NS::detail::default_config_selector>(rocprim::ROCPRIM_400200_NS::detail::transform_impl<true, rocprim::ROCPRIM_400200_NS::default_config, int*, int*, rocprim::ROCPRIM_400200_NS::identity<int> >(int*, int*, unsigned long, rocprim::ROCPRIM_400200_NS::identity<int>, ihipStream_t*, bool)::{lambda(auto:1)#1})",1,2640,2640.000000,0.0182,2640,2640,0.00000000e+00
