category,kernel,isl32768_osl4_c1,isl32768_osl4_c2,isl32768_osl4_c4,isl32768_osl4_c8,isl32768_osl4_c16,1788266656.4728987,1788267123.4024477,total,x_isl32768_osl4_c16_over_isl32768_osl4_c1
comm,quickreduce::allreduce_prototype_twoshot,210667.841,956330.925,1909423.785,1693499.603,3368702.87,305125.444,368084.823,8811835.291000001,15.99058904296646
activation,sgl_hip::activation::act_and_mul_kernel,952.106,1888.251,3868.977,2694984.282,2153858.117,2247.286,2114.233,4859913.252,2262.2041211797846
gemm,Cijk_Alik_Bljk_BBS_BH_Bias_HA_S_SAV_UserArgs_MT256x256x64_MI16x16x1_CMS_SN_LDSB…,107424.089,214426.976,430263.853,857373.463,1718639.591,39287.277,133480.235,3500895.4839999997,15.998642455324894
quant,at::native::vectorized_elementwise_kernel,801.399,1596.349,2953.619,5905.834,1502579.154,1889.094,1602.333,1517327.7820000001,1874.9451322000652
linear_attn,chunk_gated_delta_rule_fwd_kernel_h_blockdim64,58069.795,116016.829,230552.122,460511.146,904399.67,55446.278,42900.703,1867896.5429999998,15.574356169158166
index_copy,at::native::index_elementwise_kernel,1131.402,2238.769,4410.031,260541.723,762260.346,4055.591,3216.201,1037854.063,673.7307747378916
moe,mfma_moe2_afp4_wfp4_bf16_cshuffle_t64x256x256_vscale_fix3_fp4opt_v1_persist_cu2…,46391.554,88452.837,178784.738,357129.888,727229.463,88449.397,88597.802,1575035.6789999998,15.67590219116178
other,chunk_fwd_kernel_o,9051.685,18132.571,595932.385,632182.62,704229.74,17959.104,17521.03,1995009.135,77.80095529174955
attention,aiter::fmha_fwd_hd256_fp8_causal_group_gfx950,28319.617,56272.758,131791.099,260473.966,648280.432,20414.029,19270.684,1164822.585,22.89156777791169
moe,moe_reduction_kernel_0,33881.246,68021.45,135252.185,270068.92,540713.75,62787.761,63468.27,1174193.582,15.959086923780784
moe,mfma_moe1_silu_mul_afp4_wfp4_bf16_t128x128x256_pm1_async_xcd4_v32,29992.346,58363.24,117003.764,234052.454,470047.974,46172.034,52945.221,1008577.0329999999,15.672264317036085
norm,_gemma_fused_add_rmsnorm_kernel,22226.84,44588.238,89331.246,177854.784,355318.982,42364.055,42361.401,774045.5460000001,15.986032292489622
index_copy,at::native::vectorized_elementwise_kernel,1374.998,2739.708,5490.61,10982.013,306142.068,3517.053,3182.282,333428.732,222.64910058050995
linear_attn,_causal_conv1d_fwd_kernel,8851.524,17675.806,41296.45,82420.487,205011.235,15929.056,16541.939,387726.497,23.161122875563574
linear_attn,_fused_gate_sigmoid_mul_add_kernel,10927.322,21951.922,43607.958,87022.636,173694.14,19740.767,20612.356,377557.101,15.895398707935943
moe,ck::kernel_moe_gemm_2lds,6439.713,12605.946,25231.49,50282.858,101717.64,12457.248,12310.57,221045.465,15.795368520305175
quant,aiter::dynamic_per_group_scaled_quant_kernel,6029.917,12073.44,24206.808,48326.672,96802.41,12326.109,11567.689,211333.045,16.05368863286178
elementwise,fused_qkvzba_split_reshape_cat_contiguous_kernel,6055.471,12074.3,24029.787,47899.219,95895.598,10918.665,11284.872,208157.912,15.836191437462091
linear_attn,chunk_gated_delta_rule_fwd_kkt_solve_kernel,5844.95,11600.685,23941.444,48048.217,95706.763,13334.887,12407.252,210884.198,16.374265477035735
linear_attn,recompute_w_u_fwd_kernel,5744.983,11490.058,22958.819,45793.939,91245.04,10529.251,10700.389,198462.47899999996,15.88256048799448
norm,_fused_qk_gemma_rmsnorm_gate_kernel,4104.45,8227.817000000001,16358.79,32640.695,65326.194,7216.442,7566.785,141441.173,15.915943427255785
moe,aiter::opus_moe_sorting_entry,3600.614,7596.866,15126.674,30170.335,59679.821,9127.892,8045.193,133347.395,16.574901114087766
moe,aiter::mxfp4_moe_sort_kernel,3507.018,6827.914,13757.949,27588.772,55780.564,7012.597,6962.541,121437.355,15.905411377985512
norm,_layer_norm_fwd_1pass_kernel,3355.692,6639.711,13263.254,26437.017,53280.501,6802.602,85200.979,194979.756,15.877649379025248
linear_attn,fused_qkv_split_gdn_prefill_kernel,2795.331,5583.733,11112.413,22213.563,44223.319,5330.276,5294.369,96553.004,15.820423055444955
moe,vllm::moe::topkGatingSoftmax,2240.709,4439.182,8958.2,17865.435,35750.207,5597.021,5036.489,79887.243,15.954863839972083
gemm,Cijk_Alik_Bljk_BBS_BH_Bias_HA_S_SAV_UserArgs_MT32x192x128_MI16x16x1_SN_LDSB1_AF…,1962.403,3935.169,5883.024,13731.041,31366.456,0.0,1981.168,58859.261,15.983697538171313
other,_triton_mrope_forward_fused,1673.67,3330.305,6607.253,13198.666,26453.214,3170.764,3135.212,57569.084,15.805513631719514
linear_attn,l2norm_fwd_kernel,1482.913,2975.475,5926.428,11842.754,23395.081,3064.208,2991.507,51678.365999999995,15.77643529998051
activation,_fused_sigmoid_mul_kernel,1032.514,2066.66,4055.433,8134.635,15793.801,1999.26,1964.242,35046.545,15.296452154643909
linear_attn,fused_gdn_gating_kernel,813.122,1622.847,3272.992,6547.59,13193.269,1806.429,1703.476,28959.725,16.22544833370638
other,chunk_local_cumsum_scalar_kernel,625.921,1245.8,2648.631,5269.983,10449.657,1602.355,1463.507,23305.854,16.69484966952698
norm,_gemma_rmsnorm_kernel,585.0,1195.959,2364.119,4740.075,9463.629,1099.309,1104.433,20552.524,16.17714358974359
index_copy,at::native::CatArrayBatchedCopy_contig,449.078,915.038,1797.594,3617.388,7243.654,837.226,829.1519999999999,15689.130000000001,16.130057584651222
index_copy,at::native::elementwise_kernel_manual_unroll,406.893,807.0219999999999,1365.497,2894.705,6557.217,701.57,803.847,13536.750999999998,16.11533498978847
elementwise,at::native::reduce_kernel,0.0,0.0,479.234,1085.294,6488.168,12.758,351.473,8416.927,inf
elementwise,at::native::vectorized_elementwise_kernel,253.14,516.599,1239.935,2500.987,6406.266,940.874,828980.333,840838.134,25.307205498933396
attention,reshape_and_cache_flash,380.905,755.376,1499.945,3008.651,6013.614,798.301,766.116,13222.907999999998,15.787700345230437
embedding,at::native::vectorized_gather_kernel,11.359,22.518,570.998,1155.005,5930.992,448.583,574.993,8714.448,522.1403292543358
memcpy,Memcpy DtoD,69.819,141.478,605.305,1169.622,4304.447,5603.974,2271.051,14165.696,61.65151319841304
other,compute_cuda_kernel,0.0,0.0,278.306,546.372,2964.885,0.0,90.784,3880.347,inf
index_copy,at::native::CatArrayBatchedCopy,182.719,367.117,735.876,1473.873,2915.262,349.714,354.796,6379.357,15.954892485182166
embedding,_vocab_parallel_embedding_kernel,175.559,339.479,676.357,1349.791,2732.99,375.194,379.754,6029.124,15.567359121434958
gemm,Cijk_Alik_Bljk_BBS_BH_Bias_HA_S_SAV_UserArgs_MT256x16x128_MI16x16x1_SN_LDSB1_AF…,164.518,329.396,654.5550000000001,1310.748,2651.464,654.795,495.155,6260.631,16.11655867443076
other,ROCPRIM_400200_NS::detail::trampoline_kernel,47.547,89.776,293.278,578.034,1919.89,177.55,239.849,3345.9240000000004,40.378783098828535
elementwise,at::native::elementwise_kernel_manual_unroll,111.828,226.654,451.39,903.898,1794.723,312.629,272.921,4074.0429999999997,16.048959115784953
moe,_fused_append_shared_experts_with_weights_kernel,79.439,158.35899999999998,313.077,630.036,1277.147,148.238,149.277,2755.573,16.077078009541914
attention,create_flashinfer_kv_indices_triton,48.038,108.516,227.752,476.026,959.411,67.753,53.394,1940.8899999999999,19.971918064865314
comm,aiter::allgather_vec,53.998,125.277,231.672,507.267,943.294,112.952,101.716,2076.176,17.469054409422572
index_copy,at::native::unrolled_elementwise_kernel,6.198,12.996,93.097,186.633,848.838,18.992,83.178,1249.9319999999998,136.95353339787027
elementwise,elementwise_kernel_with_index,1.799,4.2780000000000005,77.56400000000001,153.929,772.196,7.795999999999999,68.525,1086.0870000000002,429.236242356865
elementwise,at::native::_scatter_gather_elementwise_kernel,0.0,0.0,65.385,137.128,743.226,0.0,68.384,1014.123,inf
memcpy,Memcpy DtoH,24.433,55.626,105.132,228.224,454.369,126.013,84.179,1077.976,18.59652928416486
memcpy,Memcpy HtoD,22.236,80.39,80.901,168.202,344.282,85.941,62.466,844.418,15.48309048389998
kv_cache,_fused_slot_clear_kernel,5.239,11.038,17.357,38.073,89.746,25.357,13.518,200.32799999999997,17.130368390914295
memset,Memset,3.998,8.716,18.193,33.144,70.248,15.592,12.874,162.76500000000001,17.570785392696347
other,ROCPRIM_400200_NS::detail::init_lookback_scan_state_kernel,2.918,6.996,17.432,31.504,64.369,12.632,12.674,148.525,22.059287183002056
gemm,Cijk_Alik_Bljk_BBS_BH_Bias_HA_S_SAV_UserArgs_MT256x240x64_MI16x16x1_SN_LDSB0_AF…,0.0,0.0,0.0,0.0,0.0,124682.002,49504.657,174186.65899999999,inf
gemm,Cijk_Alik_Bljk_BBS_BH_Bias_HA_S_SAV_UserArgs_MT32x224x128_MI16x16x1_SN_LDSB1_AF…,0.0,0.0,2046.284,2005.049,0.0,0.0,0.0,4051.333,inf
gemm,Cijk_Alik_Bljk_BBS_BH_Bias_HA_S_SAV_UserArgs_MT256x224x64_MI16x16x1_SN_LDSB1_AF…,0.0,0.0,0.0,0.0,0.0,0.0,8504.672,8504.672,inf
gemm,Cijk_Alik_Bljk_BBS_BH_Bias_HA_S_SAV_UserArgs_MT256x192x64_MI16x16x1_SN_LDSB0_AF…,0.0,0.0,0.0,0.0,0.0,29138.248,13569.086,42707.334,inf
gemm,Cijk_Alik_Bljk_BBS_BH_Bias_HA_S_SAV_UserArgs_MT128x128x256_MI16x16x1_SN_LDSB1_A…,0.0,0.0,0.0,0.0,0.0,11672.773,0.0,11672.773,inf
gemm,Cijk_Alik_Bljk_BBS_BH_Bias_HA_S_SAV_UserArgs_MT128x96x128_MI16x16x1_SN_LDSB0_AF…,0.0,0.0,0.0,0.0,0.0,0.0,4830.103,4830.103,inf
comm,aiter::cross_device_reduce_2stage,0.0,0.0,0.0,0.0,0.0,150661.504,58631.471,209292.97499999998,inf
gemm,Cijk_Alik_Bljk_BBS_BH_Bias_HA_S_SAV_UserArgs_MT256x208x64_MI16x16x1_SN_LDSB1_AF…,0.0,0.0,0.0,0.0,0.0,30651.149,0.0,30651.149,inf
gemm,Cijk_Alik_Bljk_BBS_BH_Bias_HA_S_SAV_UserArgs_MT32x32x512_MI16x16x1_SN_LDSB0_AFC…,0.0,0.0,0.0,0.0,0.0,105411.608,659.963,106071.571,inf
gemm,Cijk_Alik_Bljk_BBS_BH_Bias_HA_S_SAV_UserArgs_MT32x96x256_MI16x16x1_SN_LDSB1_AFC…,0.0,0.0,0.0,0.0,0.0,2765.64,1381.798,4147.438,inf
gemm,Cijk_Alik_Bljk_BBS_BH_Bias_HA_S_SAV_UserArgs_MT256x176x64_MI16x16x1_SN_LDSB0_AF…,0.0,0.0,0.0,0.0,0.0,0.0,7696.194,7696.194,inf
moe,mfma_moe1_silu_mul_afp4_wfp4_bf16_t64x128x256_pm1_async_xcd4_v32,0.0,0.0,0.0,0.0,0.0,19514.249,8303.663,27817.912,inf
