category,isl32768_osl4_c1,isl32768_osl4_c2,isl32768_osl4_c4,isl32768_osl4_c8,isl32768_osl4_c16,1788266656.4728987,1788267123.4024477,total,x_isl32768_osl4_c16_over_isl32768_osl4_c1
comm,210721.83899999998,956456.202,1909655.457,1694006.8699999999,3369646.1640000003,455899.9,426818.00999999995,9023204.442,15.990967903426473
activation,1984.62,3954.911,7924.41,2703118.917,2169651.918,4246.546,4078.4750000000004,4894959.797,1093.2329201559996
moe,126132.639,246465.794,494428.077,987788.698,1992196.5659999999,251266.437,245819.02599999998,4344097.237,15.794457182490252
gemm,109551.01000000001,218691.541,438847.716,874420.301,1752657.511,344263.49199999997,222103.031,3960534.602,15.998551825309505
quant,6831.316000000001,13669.789,27160.427,54232.506,1599381.564,14215.203000000001,13170.022,1728660.827,234.124956889712
linear_attn,94529.94,188917.355,382668.626,764400.3319999999,1550868.517,125181.152,113151.991,3219717.913,16.406109186147795
index_copy,3551.288,7080.65,13892.705,279696.335,1085967.385,9480.146,8469.456,1408137.9649999999,305.79535790958096
other,11401.741,22805.448,605777.285,651807.179,746081.755,22922.405,22463.056,2083258.869,65.43577467686733
attention,28748.559999999998,57136.65,133518.79599999997,263958.643,655253.457,21280.083,20090.194,1179986.3830000001,22.792566201576708
norm,30271.982,60651.725,121317.409,241672.57100000003,483389.30600000004,57482.408,136233.598,1131018.999,15.968208028136381
elementwise,6422.237999999999,12821.831,26343.295000000002,52680.454999999994,112100.177,12192.722000000002,841026.508,1063587.226,17.45500197906088
embedding,186.918,361.99699999999996,1247.355,2504.7960000000003,8663.982,823.777,954.7470000000001,14743.572,46.35177992488685
memcpy,116.488,277.494,791.338,1566.048,5103.098,5815.928,2417.696,16088.09,43.80792871368725
kv_cache,5.239,11.038,17.357,38.073,89.746,25.357,13.518,200.32799999999997,17.130368390914295
memset,3.998,8.716,18.193,33.144,70.248,15.592,12.874,162.76500000000001,17.570785392696347
