run,rank,phase,category,kernel,calls,total_us,mean_us,min_us,max_us,std_us,p50_us,p90_us,p99_us,pct_of_rank,pct_of_phase
1788266656.4728987,0,EXTEND,comm,quickreduce::allreduce_prototype_twoshot,248,305125.444,1230.3445322580646,1148.444,2581.531,109.54589591677764,1222.0639999999999,1279.8687,1314.327,23.026403819825084,23.026403819825084
1788266656.4728987,0,EXTEND,comm,aiter::cross_device_reduce_2stage,248,150661.504,607.506064516129,577.441,1692.487,101.84274943953908,594.9415,611.1972999999999,1019.3763900000008,11.36972579450369,11.36972579450369
1788266656.4728987,0,EXTEND,gemm,Cijk_Alik_Bljk_BBS_BH_Bias_HA_S_SAV_UserArgs_MT256x240x64_MI16x16x1_SN_LDSB0_AF…,244,124682.002,510.9918114754098,88.239,1240.605,306.0369818200001,727.7819999999999,831.6827,836.5262,9.409173123943864,9.409173123943864
1788266656.4728987,0,EXTEND,gemm,Cijk_Alik_Bljk_BBS_BH_Bias_HA_S_SAV_UserArgs_MT32x32x512_MI16x16x1_SN_LDSB0_AFC…,90,105411.60800000001,1171.240088888889,16.079,103849.049,10944.800301541462,17.499,18.651,11441.05209999994,7.954925755405387,7.954925755405387
1788266656.4728987,0,EXTEND,moe,mfma_moe2_afp4_wfp4_bf16_cshuffle_t64x256x256_vscale_fix3_fp4opt_v1_persist_cu2…,240,88449.397,368.53915416666666,173.04,565.522,175.79121268125675,365.2405,552.029,562.72001,6.6748662656334385,6.6748662656334385
1788266656.4728987,0,EXTEND,moe,moe_reduction_kernel_0,240,62787.761,261.61567083333335,119.44,411.001,135.72140370739393,262.03999999999996,401.785,409.68838999999997,4.738301469636417,4.738301469636417
1788266656.4728987,0,EXTEND,linear_attn,chunk_gated_delta_rule_fwd_kernel_h_blockdim64,180,55446.278,308.03487777777775,252.08,375.961,52.509189469508605,306.32050000000004,366.345,375.7946,4.1842737557287535,4.1842737557287535
1788266656.4728987,0,EXTEND,moe,mfma_moe1_silu_mul_afp4_wfp4_bf16_t128x128x256_pm1_async_xcd4_v32,120,46172.034,384.76695,366.28,395.001,4.679368230808047,385.68100000000004,389.73290000000003,392.34699,3.484389522319527,3.484389522319527
1788266656.4728987,0,EXTEND,norm,_gemma_fused_add_rmsnorm_kernel,488,42364.055,86.8115881147541,42.759,136.159,41.78860526861506,86.019,130.199,134.0712,3.197018986968782,3.197018986968782
1788266656.4728987,0,EXTEND,gemm,Cijk_Alik_Bljk_BBS_BH_Bias_HA_S_SAV_UserArgs_MT256x256x64_MI16x16x1_CMS_SN_LDSB…,306,39287.277,128.38979411764706,31.319,1146.524,121.41534603748974,114.1195,318.8805,328.06604999999996,2.9648288039306423,2.9648288039306423
1788266656.4728987,0,EXTEND,gemm,Cijk_Alik_Bljk_BBS_BH_Bias_HA_S_SAV_UserArgs_MT256x208x64_MI16x16x1_SN_LDSB1_AF…,150,30651.149,204.34099333333333,82.999,292.881,98.24908774995289,280.6405,288.116,291.06151,2.3131002290835756,2.3131002290835756
1788266656.4728987,0,EXTEND,gemm,Cijk_Alik_Bljk_BBS_BH_Bias_HA_S_SAV_UserArgs_MT256x192x64_MI16x16x1_SN_LDSB0_AF…,274,29138.248,106.34397080291971,82.679,254.32,52.153642301056465,87.7595,247.24,252.0572,2.19892859885592,2.19892859885592
1788266656.4728987,0,EXTEND,attention,aiter::fmha_fwd_hd256_fp8_causal_group_gfx950,64,20414.029,318.969203125,169.32,486.281,123.72765910444606,301.98,455.125,482.60179999999997,1.5405522043046005,1.5405522043046005
1788266656.4728987,0,EXTEND,linear_attn,_fused_gate_sigmoid_mul_add_kernel,240,19740.767,82.25319583333334,36.479,132.08,43.51683180352998,81.3395,127.295,130.80560999999997,1.4897442399299774,1.4897442399299774
1788266656.4728987,0,EXTEND,moe,mfma_moe1_silu_mul_afp4_wfp4_bf16_t64x128x256_pm1_async_xcd4_v32,120,19514.249,162.61874166666666,147.08,175.24,6.8216871918013995,161.03949999999998,171.48399999999998,174.78480000000002,1.4726499757739566,1.4726499757739566
1788266656.4728987,0,EXTEND,other,chunk_fwd_kernel_o,180,17959.104,99.77279999999999,48.48,157.44,49.53768366651367,98.3595,152.084,153.81961,1.355290386554049,1.355290386554049
1788266656.4728987,0,EXTEND,linear_attn,_causal_conv1d_fwd_kernel,180,15929.056,88.49475555555556,39.519,141.199,48.113478734549126,88.099,137.52,138.58699000000001,1.202092067827053,1.202092067827053
1788266656.4728987,0,EXTEND,linear_attn,chunk_gated_delta_rule_fwd_kkt_solve_kernel,180,13334.887,74.08270555555556,49.68,104.52,23.910069050202342,72.479,99.8191,103.39481,1.0063221504193396,1.0063221504193396
1788266656.4728987,0,EXTEND,moe,ck::kernel_moe_gemm_2lds,8,12457.248,1557.156,479.121,3200.334,1061.2686902708206,1245.9645,3190.7853,3199.37913,0.9400908005944872,0.9400908005944872
1788266656.4728987,0,EXTEND,quant,aiter::dynamic_per_group_scaled_quant_kernel,480,12326.109,25.67939375,9.479,66.999,17.631199320147417,19.079,59.999,63.43519999999998,0.9301943477423678,0.9301943477423678
1788266656.4728987,0,EXTEND,gemm,Cijk_Alik_Bljk_BBS_BH_Bias_HA_S_SAV_UserArgs_MT128x128x256_MI16x16x1_SN_LDSB1_A…,242,11672.773,48.23459917355372,46.359,52.199,1.495153676054759,48.459,50.190999999999995,51.158,0.8808901062841257,0.8808901062841257
1788266656.4728987,0,EXTEND,elementwise,fused_qkvzba_split_reshape_cat_contiguous_kernel,180,10918.665,60.65925000000001,26.319,99.079,33.48497269173445,60.199,95.2111,97.68521,0.8239810687940873,0.8239810687940873
1788266656.4728987,0,EXTEND,linear_attn,recompute_w_u_fwd_kernel,180,10529.251,58.49583888888889,29.719,89.519,27.711648426331912,57.9995,87.5279,88.91739,0.7945937981045497,0.7945937981045497
1788266656.4728987,0,EXTEND,moe,aiter::opus_moe_sorting_entry,976,9127.892,9.352348360655737,3.759,77.679,9.251584601933091,5.159,28.399,39.039,0.6888397259185989,0.6888397259185989
1788266656.4728987,0,EXTEND,norm,_fused_qk_gemma_rmsnorm_gate_kernel,64,7216.442,112.75690625,41.959,197.36,70.46071542935444,112.439,182.788,192.8996,0.5445914488676538,0.5445914488676538
1788266656.4728987,0,EXTEND,moe,aiter::mxfp4_moe_sort_kernel,480,7012.597,14.609577083333333,3.319,41.399,14.682042824388478,7.659000000000001,40.079,40.839,0.5292082109930298,0.5292082109930298
1788266656.4728987,0,EXTEND,norm,_layer_norm_fwd_1pass_kernel,180,6802.602,37.792233333333336,20.159,58.159,16.860001448040663,37.819,55.759,56.9274,0.513360861107177,0.513360861107177
1788266656.4728987,0,EXTEND,memcpy,Memcpy DtoD,330,5603.974,16.981739393939396,0.799,27.999,8.167732916526338,18.919,24.559,26.787399999999998,0.4229059583762554,0.4229059583762554
1788266656.4728987,0,EXTEND,moe,vllm::moe::topkGatingSoftmax,244,5597.021,22.938610655737705,13.719,30.079,6.366035735013942,22.859,29.4797,29.7418,0.4223812476747799,0.4223812476747799
1788266656.4728987,0,EXTEND,linear_attn,fused_qkv_split_gdn_prefill_kernel,180,5330.276,29.612644444444445,15.159,45.839,13.71138070405098,30.238999999999997,44.039,45.327400000000004,0.4022512381731166,0.4022512381731166
1788266656.4728987,0,EXTEND,index_copy,at::native::index_elementwise_kernel,710,4055.591,5.7120999999999995,2.599,9.879,1.0217252879486982,5.519,6.479,9.759,0.30605666597259656,0.30605666597259656
1788266656.4728987,0,EXTEND,index_copy,at::native::vectorized_elementwise_kernel,368,3517.053,9.557209239130435,3.959,17.36,3.3389377974889296,8.139,14.839,16.332069999999995,0.2654156977932239,0.2654156977932239
1788266656.4728987,0,EXTEND,other,_triton_mrope_forward_fused,60,3170.764,52.846066666666665,27.879,80.799,24.77827259944545,52.279,78.2599,79.6426,0.2392828710848639,0.2392828710848639
1788266656.4728987,0,EXTEND,linear_attn,l2norm_fwd_kernel,360,3064.208,8.511688888888889,4.959,13.319,3.1329259976641617,8.619,11.803,12.568200000000003,0.23124158336640904,0.23124158336640904
1788266656.4728987,0,EXTEND,gemm,Cijk_Alik_Bljk_BBS_BH_Bias_HA_S_SAV_UserArgs_MT32x96x256_MI16x16x1_SN_LDSB1_AFC…,90,2765.64,30.729333333333333,29.959,32.039,0.422642303672896,30.719,31.2791,31.7186,0.20871003946908157,0.20871003946908157
1788266656.4728987,0,EXTEND,activation,sgl_hip::activation::act_and_mul_kernel,240,2247.286,9.363691666666666,5.919,12.839,3.0295348961448783,9.4595,12.559,12.783399999999999,0.16959226427095156,0.16959226427095156
1788266656.4728987,0,EXTEND,activation,_fused_sigmoid_mul_kernel,64,1999.26,31.2384375,17.079,49.719,13.788476200528459,30.979,45.595000000000006,48.4338,0.15087489098688045,0.15087489098688045
1788266656.4728987,0,EXTEND,quant,at::native::vectorized_elementwise_kernel,192,1889.094,9.83903125,3.959,28.079,7.788784071208988,5.879,25.319,27.282200000000003,0.14256117329110266,0.14256117329110266
1788266656.4728987,0,EXTEND,linear_attn,fused_gdn_gating_kernel,180,1806.429,10.035716666666668,5.119,16.439,3.9688570808498875,9.959,14.279,15.325000000000005,0.13632282867187834,0.13632282867187834
1788266656.4728987,0,EXTEND,other,chunk_local_cumsum_scalar_kernel,180,1602.355,8.901972222222222,5.839,12.959,2.8853063941375274,8.639,12.319,12.832600000000001,0.12092230922805579,0.12092230922805579
1788266656.4728987,0,EXTEND,norm,_gemma_rmsnorm_kernel,16,1099.309,68.7068125,27.199,109.039,38.472466785514285,68.45949999999999,107.5395,108.81715,0.08295975787836327,0.08295975787836327
1788266656.4728987,0,EXTEND,elementwise,at::native::vectorized_elementwise_kernel,248,940.874,3.7938467741935487,1.759,8.839,0.8017157112655063,3.919,4.079,6.8086,0.07100340235006461,0.07100340235006461
1788266656.4728987,0,EXTEND,index_copy,at::native::CatArrayBatchedCopy_contig,16,837.226,52.326625,2.439,288.16,96.07606532040121,7.139,190.7395,288.136,0.06318156792082169,0.06318156792082169
1788266656.4728987,0,EXTEND,attention,reshape_and_cache_flash,64,798.301,12.473453125,6.919,18.64,5.101019437264982,12.919,17.764,18.563769999999998,0.060244078483897866,0.060244078483897866
1788266656.4728987,0,EXTEND,index_copy,at::native::elementwise_kernel_manual_unroll,112,701.57,6.264017857142858,2.479,11.959,2.7991154039666344,5.639,10.895000000000001,11.82591,0.052944238002893926,0.052944238002893926
1788266656.4728987,0,EXTEND,gemm,Cijk_Alik_Bljk_BBS_BH_Bias_HA_S_SAV_UserArgs_MT256x16x128_MI16x16x1_SN_LDSB1_AF…,8,654.795,81.849375,79.319,86.76,2.565708531352917,80.5795,84.688,86.5528,0.04941434542968617,0.04941434542968617
1788266656.4728987,0,EXTEND,embedding,at::native::vectorized_gather_kernel,98,448.583,4.577377551020408,4.119,8.479,0.5666477935764637,4.4990000000000006,4.639,8.168600000000001,0.03385248102976491,0.03385248102976491
1788266656.4728987,0,EXTEND,embedding,_vocab_parallel_embedding_kernel,8,375.194,46.89925,23.439,70.359,24.392525088934228,46.9995,69.9677,70.31987,0.02831415316113543,0.02831415316113543
1788266656.4728987,0,EXTEND,index_copy,at::native::CatArrayBatchedCopy,8,349.714,43.71425,9.119,107.92,40.88749145346463,28.679499999999997,107.7513,107.90313,0.02639129559266224,0.02639129559266224
1788266656.4728987,0,EXTEND,elementwise,at::native::elementwise_kernel_manual_unroll,52,312.629,6.012096153846154,2.399,15.999,3.7953413200489874,4.579000000000001,13.659,15.693000000000001,0.023592662432268662,0.023592662432268662
1788266656.4728987,0,EXTEND,other,ROCPRIM_400200_NS::detail::trampoline_kernel,52,177.55,3.414423076923077,0.759,6.399,1.131032087167341,3.299,4.2669999999999995,6.2766,0.013398876031491962,0.013398876031491962
1788266656.4728987,0,EXTEND,moe,_fused_append_shared_experts_with_weights_kernel,4,148.238,37.0595,16.639,57.6,23.25966294539397,36.9995,57.36,57.576,0.011186835174070996,0.011186835174070996
1788266656.4728987,0,EXTEND,memcpy,Memcpy DtoH,28,126.013,4.500464285714286,3.039,6.319,0.796078838555433,4.619,5.211,6.038200000000001,0.00950961737739452,0.00950961737739452
1788266656.4728987,0,EXTEND,comm,aiter::allgather_vec,8,112.952,14.119,6.959,22.039,5.689890784791668,12.239,21.703,22.0054,0.008523964210132809,0.008523964210132809
1788266656.4728987,0,EXTEND,memcpy,Memcpy HtoD,20,85.941,4.2970500000000005,2.159,8.239,1.4012228672428273,3.739,5.619000000000002,7.980599999999999,0.0064855691637423305,0.0064855691637423305
1788266656.4728987,0,EXTEND,attention,create_flashinfer_kv_indices_triton,8,67.753,8.469125,6.519,9.719,1.2239246519175222,8.7995,9.523,9.699399999999999,0.005113005056387919,0.005113005056387919
1788266656.4728987,0,EXTEND,kv_cache,_fused_slot_clear_kernel,4,25.357,6.33925,5.479,7.279,0.8756484739894195,6.2995,7.1593,7.26703,0.0019135753282486156,0.0019135753282486156
1788266656.4728987,0,EXTEND,index_copy,at::native::unrolled_elementwise_kernel,8,18.991999999999997,2.3739999999999997,1.359,4.079,1.1115883102248654,2.0389999999999997,4.079,4.079,0.001433238262968715,0.001433238262968715
1788266656.4728987,0,EXTEND,memset,Memset,8,15.592,1.949,1.759,2.119,0.12047524938461743,1.959,2.063,2.1134000000000004,0.0011766560128584776,0.0011766560128584776
1788266656.4728987,0,EXTEND,elementwise,at::native::reduce_kernel,2,12.758,6.379,5.599,7.159,1.1030865786510136,6.379,7.003,7.1434,0.0009627871608548266,0.0009627871608548266
1788266656.4728987,0,EXTEND,other,ROCPRIM_400200_NS::detail::init_lookback_scan_state_kernel,8,12.632,1.579,0.639,2.199,0.5851495535331118,1.7189999999999999,2.171,2.1961999999999997,0.0009532785245272119,0.0009532785245272119
1788266656.4728987,0,EXTEND,elementwise,elementwise_kernel_with_index,4,7.795999999999999,1.9489999999999998,1.559,2.679,0.4999999999999999,1.779,2.427,2.6537999999999995,0.0005883280064292387,0.0005883280064292387
1788267123.4024477,0,EXTEND,elementwise,at::native::vectorized_elementwise_kernel,250,828980.333,3315.921332,1.479,482627.55,37465.368360437904,3.959,4.199,9.585799999999994,40.30393741344883,40.30393741344883
1788267123.4024477,0,EXTEND,comm,quickreduce::allreduce_prototype_twoshot,248,368084.823,1484.2129959677418,1177.725,4279.459,296.4409363913064,1590.9270000000001,1736.0030000000002,1837.29147,17.895801719861055,17.895801719861055
1788267123.4024477,0,EXTEND,gemm,Cijk_Alik_Bljk_BBS_BH_Bias_HA_S_SAV_UserArgs_MT256x256x64_MI16x16x1_CMS_SN_LDSB…,426,133480.235,313.3338849765258,81.719,1604.526,313.70788654300435,112.5395,1007.884,1019.894,6.489634100128213,6.489634100128213
1788267123.4024477,0,EXTEND,moe,mfma_moe2_afp4_wfp4_bf16_cshuffle_t64x256x256_vscale_fix3_fp4opt_v1_persist_cu2…,180,88597.802,492.2100111111111,133.64,801.683,264.9421752598669,556.262,784.4341000000001,798.9302,4.307509026003794,4.307509026003794
1788267123.4024477,0,EXTEND,norm,_layer_norm_fwd_1pass_kernel,135,85200.979,631.118362962963,15.039,78582.562,6759.105559185685,55.919,77.0634,78.915,4.142359943273308,4.142359943273308
1788267123.4024477,0,EXTEND,moe,moe_reduction_kernel_0,180,63468.27,352.6015,83.719,579.802,198.57089267368323,404.561,567.6219,575.2592099999999,3.085744112363486,3.085744112363486
1788267123.4024477,0,EXTEND,comm,aiter::cross_device_reduce_2stage,124,58631.471,472.83444354838707,405.321,819.963,60.14001349024244,461.921,552.17,690.7815999999998,2.8505852835985674,2.8505852835985674
1788267123.4024477,0,EXTEND,moe,mfma_moe1_silu_mul_afp4_wfp4_bf16_t128x128x256_pm1_async_xcd4_v32,120,52945.221,441.210175,370.801,508.041,55.63782211024077,437.80150000000003,501.213,505.24919,2.574127260417427,2.574127260417427
1788267123.4024477,0,EXTEND,gemm,Cijk_Alik_Bljk_BBS_BH_Bias_HA_S_SAV_UserArgs_MT256x240x64_MI16x16x1_SN_LDSB0_AF…,61,49504.657,811.5517540983607,732.762,842.563,42.42788137756261,835.923,839.443,841.675,2.4068515475894308,2.4068515475894308
1788267123.4024477,0,EXTEND,linear_attn,chunk_gated_delta_rule_fwd_kernel_h_blockdim64,135,42900.703,317.78298518518517,176.28,429.521,101.96446655714601,359.721,418.3686,427.549,2.0857759585774835,2.0857759585774835
1788267123.4024477,0,EXTEND,norm,_gemma_fused_add_rmsnorm_kernel,366,42361.401,115.74153278688524,30.48,200.4,63.03063472214921,132.79950000000002,184.06,187.16,2.0595558020916385,2.0595558020916385
1788267123.4024477,0,EXTEND,linear_attn,_fused_gate_sigmoid_mul_add_kernel,180,20612.356,114.51308888888889,26.119,193.08,64.88158549331338,131.0195,184.972,190.71681,1.0021457362701107,1.0021457362701107
1788267123.4024477,0,EXTEND,attention,aiter::fmha_fwd_hd256_fp8_causal_group_gfx950,48,19270.684,401.4725833333334,201.2,567.242,123.9860334877903,448.90099999999995,532.322,557.6352,0.9369154018884907,0.9369154018884907
1788267123.4024477,0,EXTEND,other,chunk_fwd_kernel_o,135,17521.03,129.7854074074074,30.999,215.68,74.00451314709635,149.44,210.624,214.264,0.8518495173264374,0.8518495173264374
1788267123.4024477,0,EXTEND,linear_attn,_causal_conv1d_fwd_kernel,135,16541.939,122.53288148148147,29.559,207.479,69.91296289492416,139.399,198.336,206.9048,0.8042473960031671,0.8042473960031671
1788267123.4024477,0,EXTEND,gemm,Cijk_Alik_Bljk_BBS_BH_Bias_HA_S_SAV_UserArgs_MT256x192x64_MI16x16x1_SN_LDSB0_AF…,137,13569.086,99.04442335766423,84.879,175.8,27.638483639537473,89.359,173.144,175.52,0.6597111790608725,0.6597111790608725
1788267123.4024477,0,EXTEND,linear_attn,chunk_gated_delta_rule_fwd_kkt_solve_kernel,135,12407.252,91.90557037037037,36.279,147.44,42.055145250999885,101.199,142.056,147.3864,0.6032243325619255,0.6032243325619255
1788267123.4024477,0,EXTEND,moe,ck::kernel_moe_gemm_2lds,6,12310.57,2051.7616666666668,392.121,4559.74,1595.4835658614181,1666.5665,3923.1769999999997,4496.0837,0.5985237804234865,0.5985237804234865
1788267123.4024477,0,EXTEND,quant,aiter::dynamic_per_group_scaled_quant_kernel,360,11567.689,32.132469444444446,7.4,69.559,20.102326550565778,31.599000000000004,64.0791,67.69940000000001,0.5624058797475,0.5624058797475
1788267123.4024477,0,EXTEND,elementwise,fused_qkvzba_split_reshape_cat_contiguous_kernel,135,11284.872,83.59164444444444,19.479,139.56,48.02412484094122,95.279,136.224,139.13773999999998,0.5486556878385933,0.5486556878385933
1788267123.4024477,0,EXTEND,linear_attn,recompute_w_u_fwd_kernel,135,10700.389,79.26214074074073,20.679,132.08,43.75371703717978,87.24,129.0636,131.38894000000002,0.5202388903423554,0.5202388903423554
1788267123.4024477,0,EXTEND,gemm,Cijk_Alik_Bljk_BBS_BH_Bias_HA_S_SAV_UserArgs_MT256x224x64_MI16x16x1_SN_LDSB1_AF…,45,8504.672,188.99271111111113,185.88,192.36,1.6096991336924154,188.96,191.2156,192.04276000000002,0.4134860072849409,0.4134860072849409
1788267123.4024477,0,EXTEND,moe,mfma_moe1_silu_mul_afp4_wfp4_bf16_t64x128x256_pm1_async_xcd4_v32,60,8303.663,138.39438333333334,129.559,150.08,3.770703221253076,138.44,142.65900000000002,147.01140999999998,0.40371321312681946,0.40371321312681946
1788267123.4024477,0,EXTEND,moe,aiter::opus_moe_sorting_entry,732,8045.193,10.990700819672131,3.279,104.64,12.160308357669104,5.539,32.618999999999986,45.7866,0.39114674045121967,0.39114674045121967
1788267123.4024477,0,EXTEND,gemm,Cijk_Alik_Bljk_BBS_BH_Bias_HA_S_SAV_UserArgs_MT256x176x64_MI16x16x1_SN_LDSB0_AF…,122,7696.194,63.08355737704918,26.719,322.361,40.81616460535852,90.15899999999999,95.03590000000001,96.55499999999999,0.37417886643368703,0.37417886643368703
1788267123.4024477,0,EXTEND,norm,_fused_qk_gemma_rmsnorm_gate_kernel,48,7566.785,157.64135416666667,30.199,282.241,95.22992082245275,185.04000000000002,254.836,271.05453,0.3678871704439138,0.3678871704439138
1788267123.4024477,0,EXTEND,moe,aiter::mxfp4_moe_sort_kernel,360,6962.541,19.34039166666667,3.399,52.239,18.875987180646778,7.359,50.6839,52.0082,0.33850961902442556,0.33850961902442556
1788267123.4024477,0,EXTEND,linear_attn,fused_qkv_split_gdn_prefill_kernel,135,5294.369,39.21754814814815,10.68,66.279,21.253521284971193,44.32,62.3996,64.23614,0.25740528252038,0.25740528252038
1788267123.4024477,0,EXTEND,moe,vllm::moe::topkGatingSoftmax,183,5036.489,27.52179781420765,13.159,37.959,8.764636098060416,29.359,37.239,37.693580000000004,0.24486749487158638,0.24486749487158638
1788267123.4024477,0,EXTEND,gemm,Cijk_Alik_Bljk_BBS_BH_Bias_HA_S_SAV_UserArgs_MT128x96x128_MI16x16x1_SN_LDSB0_AF…,121,4830.103,39.91820661157025,37.719,43.679,1.7558123187352876,40.039,42.439,43.4072,0.23483327802001236,0.23483327802001236
1788267123.4024477,0,EXTEND,index_copy,at::native::index_elementwise_kernel,541,3216.201,5.944918669131239,2.879,13.84,1.6440792258222978,5.479,6.919,13.679,0.15636747779524407,0.15636747779524407
1788267123.4024477,0,EXTEND,index_copy,at::native::vectorized_elementwise_kernel,292,3182.282,10.89822602739726,1.839,21.119,5.064092527195151,10.159,19.079,19.856999999999992,0.1547183804660234,0.1547183804660234
1788267123.4024477,0,EXTEND,other,_triton_mrope_forward_fused,45,3135.212,69.67137777777778,20.199,112.919,37.347758981867656,78.6,110.104,112.26824,0.152429898751161,0.152429898751161
1788267123.4024477,0,EXTEND,linear_attn,l2norm_fwd_kernel,270,2991.507,11.079655555555556,4.599,18.679,4.822889931341882,11.879,16.799,17.4914,0.14544314997626617,0.14544314997626617
1788267123.4024477,0,EXTEND,memcpy,Memcpy DtoD,281,2271.051,8.08203202846975,0.599,17.76,5.328035790819746,4.719,14.199,16.862999999999996,0.11041552341236349,0.11041552341236349
1788267123.4024477,0,EXTEND,activation,sgl_hip::activation::act_and_mul_kernel,180,2114.233,11.74573888888889,5.079,73.999,6.496241233243294,12.599,16.319,16.693400000000008,0.10279123776202803,0.10279123776202803
1788267123.4024477,0,EXTEND,gemm,Cijk_Alik_Bljk_BBS_BH_Bias_HA_S_SAV_UserArgs_MT32x192x128_MI16x16x1_SN_LDSB1_AF…,45,1981.1680000000001,44.025955555555555,42.839,45.799,0.6081125028821696,44.039,44.727000000000004,45.53544,0.0963217918434352,0.0963217918434352
1788267123.4024477,0,EXTEND,activation,_fused_sigmoid_mul_kernel,48,1964.242,40.921708333333335,12.519,67.759,21.37626529186083,46.659499999999994,64.9117,66.8566,0.09549887190492316,0.09549887190492316
1788267123.4024477,0,EXTEND,linear_attn,fused_gdn_gating_kernel,135,1703.4759999999999,12.61834074074074,4.599,20.479,5.7849029406104195,14.439,19.071,19.89214,0.08282077071822662,0.08282077071822662
1788267123.4024477,0,EXTEND,quant,at::native::vectorized_elementwise_kernel,112,1602.333,14.306544642857144,5.799,38.599,10.808832486800727,7.679,34.319,36.6306,0.07790333060591886,0.07790333060591886
1788267123.4024477,0,EXTEND,other,chunk_local_cumsum_scalar_kernel,135,1463.507,10.840792592592592,4.199,16.919,4.792984151451384,12.519,16.119,16.7182,0.07115379241710462,0.07115379241710462
1788267123.4024477,0,EXTEND,gemm,Cijk_Alik_Bljk_BBS_BH_Bias_HA_S_SAV_UserArgs_MT32x96x256_MI16x16x1_SN_LDSB1_AFC…,45,1381.798,30.706622222222222,30.119,31.959,0.37698048471848744,30.639,31.199,31.8182,0.06718120791658004,0.06718120791658004
1788267123.4024477,0,EXTEND,norm,_gemma_rmsnorm_kernel,12,1104.433,92.03608333333334,19.559,154.28,56.18864814413274,108.1395,149.0311,153.72989,0.05369608510283866,0.05369608510283866
1788267123.4024477,0,EXTEND,index_copy,at::native::CatArrayBatchedCopy_contig,12,829.1519999999999,69.09599999999999,2.599,400.201,133.16349701161965,6.959,272.41280000000006,388.82700000000006,0.04031228363801958,0.04031228363801958
1788267123.4024477,0,EXTEND,index_copy,at::native::elementwise_kernel_manual_unroll,117,803.847,6.87048717948718,2.439,13.559,3.516276053792159,4.639,12.295,12.879,0.03908198770016972,0.03908198770016972
1788267123.4024477,0,EXTEND,attention,reshape_and_cache_flash,48,766.116,15.960749999999999,5.399,26.32,7.693092476440395,17.939500000000002,24.063000000000002,25.717930000000003,0.03724755592656716,0.03724755592656716
1788267123.4024477,0,EXTEND,gemm,Cijk_Alik_Bljk_BBS_BH_Bias_HA_S_SAV_UserArgs_MT32x32x512_MI16x16x1_SN_LDSB0_AFC…,45,659.963,14.665844444444444,13.959,15.72,0.35189551364752103,14.639,15.0396,15.561160000000001,0.03208653617985402,0.03208653617985402
1788267123.4024477,0,EXTEND,embedding,at::native::vectorized_gather_kernel,129,574.993,4.45731007751938,3.559,11.319,0.798537499104316,4.359,4.879,7.416599999999996,0.02795540613286321,0.02795540613286321
1788267123.4024477,0,EXTEND,gemm,Cijk_Alik_Bljk_BBS_BH_Bias_HA_S_SAV_UserArgs_MT256x16x128_MI16x16x1_SN_LDSB1_AF…,6,495.155,82.52583333333332,79.919,88.88,3.3780835049872078,81.679,85.9395,88.58595,0.024073787200397014,0.024073787200397014
1788267123.4024477,0,EXTEND,embedding,_vocab_parallel_embedding_kernel,6,379.754,63.29233333333334,17.679,98.959,35.89565024716318,72.199,98.199,98.88300000000001,0.018463141813168743,0.018463141813168743
1788267123.4024477,0,EXTEND,index_copy,at::native::CatArrayBatchedCopy,6,354.796,59.132666666666665,8.159,160.36,61.62203333440619,27.098999999999997,135.54000000000002,157.87800000000001,0.0172497165605761,0.0172497165605761
1788267123.4024477,0,EXTEND,elementwise,at::native::reduce_kernel,50,351.473,7.02946,3.719,9.759,1.5993713842938293,6.6594999999999995,9.3631,9.7394,0.017088156655360728,0.017088156655360728
1788267123.4024477,0,EXTEND,elementwise,at::native::elementwise_kernel_manual_unroll,39,272.921,6.997974358974359,2.319,21.319,5.273165330670791,5.119,16.727000000000004,20.239799999999992,0.013269061357594194,0.013269061357594194
1788267123.4024477,0,EXTEND,other,ROCPRIM_400200_NS::detail::trampoline_kernel,71,239.849,3.3781549295774647,1.399,5.439,0.7374352203586104,3.319,4.239,4.962999999999998,0.011661144058381766,0.011661144058381766
1788267123.4024477,0,EXTEND,moe,_fused_append_shared_experts_with_weights_kernel,3,149.277,49.75899999999999,12.479,79.319,34.0821830286735,57.479,74.95100000000001,78.8822,0.007257652112800365,0.007257652112800365
1788267123.4024477,0,EXTEND,comm,aiter::allgather_vec,6,101.71600000000001,16.95266666666667,8.199,24.799,5.949859852691209,16.4195,23.4595,24.66505,0.004945298621392459,0.004945298621392459
1788267123.4024477,0,EXTEND,other,compute_cuda_kernel,16,90.784,5.674,5.359,5.879,0.12722683155162937,5.699,5.779,5.867,0.00441379910775584,0.00441379910775584
1788267123.4024477,0,EXTEND,memcpy,Memcpy DtoH,21,84.179,4.00852380952381,3.239,5.479,0.754284271282891,3.799,5.159,5.423,0.004092672663594673,0.004092672663594673
1788267123.4024477,0,EXTEND,index_copy,at::native::unrolled_elementwise_kernel,22,83.178,3.780818181818182,1.879,4.639,0.828053577537545,4.099,4.275,4.5634,0.004044005355403102,0.004044005355403102
1788267123.4024477,0,EXTEND,elementwise,elementwise_kernel_with_index,35,68.525,1.957857142857143,1.439,2.639,0.3202184128571827,2.079,2.263,2.5981999999999994,0.003331595698129284,0.003331595698129284
1788267123.4024477,0,EXTEND,elementwise,at::native::_scatter_gather_elementwise_kernel,16,68.384,4.274,4.039,4.519,0.13456101466125572,4.279,4.4190000000000005,4.507,0.0033247404629094916,0.0033247404629094916
1788267123.4024477,0,EXTEND,memcpy,Memcpy HtoD,14,62.466,4.461857142857143,3.439,6.759,0.9902558222028255,4.159,5.571000000000001,6.6186,0.0030370150584362473,0.0030370150584362473
1788267123.4024477,0,EXTEND,attention,create_flashinfer_kv_indices_triton,6,53.394,8.899,6.639,9.959,1.2291785875128154,9.178999999999998,9.879,9.951,0.002595946307273476,0.002595946307273476
1788267123.4024477,0,EXTEND,kv_cache,_fused_slot_clear_kernel,2,13.518,6.759,5.999,7.519,1.0748023074035529,6.759,7.367,7.5038,0.0006572274446889699,0.0006572274446889699
1788267123.4024477,0,EXTEND,memset,Memset,6,12.874,2.1456666666666666,1.719,3.599,0.7430388056263729,1.759,2.939,3.5330000000000004,0.0006259170086496374,0.0006259170086496374
1788267123.4024477,0,EXTEND,other,ROCPRIM_400200_NS::detail::init_lookback_scan_state_kernel,6,12.674,2.1123333333333334,1.559,3.879,0.8783317520542376,1.779,2.939,3.785,0.0006161932707492234,0.0006161932707492234
isl32768_osl4_c1,0,EXTEND,comm,quickreduce::allreduce_prototype_twoshot,124,210667.84100000001,1698.9342016129033,1597.848,2023.17,85.843916689733,1674.5884999999998,1797.1170000000002,1949.5836,33.41495138208777,33.41495138208777
isl32768_osl4_c1,0,EXTEND,gemm,Cijk_Alik_Bljk_BBS_BH_Bias_HA_S_SAV_UserArgs_MT256x256x64_MI16x16x1_CMS_SN_LDSB…,304,107424.089,353.3687138157895,99.759,1581.928,351.69645773122807,109.61949999999999,1013.8447,1022.32923,17.039006495538487,17.039006495538487
isl32768_osl4_c1,0,EXTEND,linear_attn,chunk_gated_delta_rule_fwd_kernel_h_blockdim64,45,58069.795,1290.4398888888888,1247.846,1338.126,20.464957946142352,1290.966,1314.6625999999999,1331.9308,9.210705191082313,9.210705191082313
isl32768_osl4_c1,0,EXTEND,moe,mfma_moe2_afp4_wfp4_bf16_cshuffle_t64x256x256_vscale_fix3_fp4opt_v1_persist_cu2…,60,46391.554,773.1925666666666,748.244,796.563,11.183867105619473,774.023,786.7239,794.9818,7.3583681025596075,7.3583681025596075
isl32768_osl4_c1,0,EXTEND,moe,moe_reduction_kernel_0,60,33881.246,564.6874333333333,554.682,580.682,6.58228160269487,564.942,571.7139999999999,579.856,5.374053213250312,5.374053213250312
isl32768_osl4_c1,0,EXTEND,moe,mfma_moe1_silu_mul_afp4_wfp4_bf16_t128x128x256_pm1_async_xcd4_v32,60,29992.346,499.87243333333333,478.642,510.442,5.856424377297617,500.442,505.326,510.3004,4.757217706639689,4.757217706639689
isl32768_osl4_c1,0,EXTEND,attention,aiter::fmha_fwd_hd256_fp8_causal_group_gfx950,16,28319.617,1769.9760625,1609.328,1884.569,65.17558713144945,1775.748,1846.849,1880.8609999999999,4.491898814372651,4.491898814372651
isl32768_osl4_c1,0,EXTEND,norm,_gemma_fused_add_rmsnorm_kernel,122,22226.84,182.1872131147541,176.64,189.0,2.285576861663235,182.14,185.108,187.8852,3.5254966987459833,3.5254966987459833
isl32768_osl4_c1,0,EXTEND,linear_attn,_fused_gate_sigmoid_mul_add_kernel,60,10927.322,182.12203333333335,175.28,193.6,3.7255824568700513,181.64,186.3449,192.37279999999998,1.733230528367251,1.733230528367251
isl32768_osl4_c1,0,EXTEND,other,chunk_fwd_kernel_o,45,9051.685,201.14855555555553,198.8,206.08,1.664906980141907,200.68,203.344,205.6928,1.4357275071754931,1.4357275071754931
isl32768_osl4_c1,0,EXTEND,linear_attn,_causal_conv1d_fwd_kernel,45,8851.524,196.7005333333333,192.84,206.12,3.358336409051904,195.08,200.99259999999998,205.94444000000001,1.4039790919838735,1.4039790919838735
isl32768_osl4_c1,0,EXTEND,moe,ck::kernel_moe_gemm_2lds,2,6439.713,3219.8565,1882.249,4557.464,1891.66266763197,3219.8565,4289.9425,4530.71185,1.0214311581120659,1.0214311581120659
isl32768_osl4_c1,0,EXTEND,elementwise,fused_qkvzba_split_reshape_cat_contiguous_kernel,45,6055.471,134.56602222222222,129.2,139.4,2.0983568083025106,134.6,137.2716,139.2064,0.9604848471421056,0.9604848471421056
isl32768_osl4_c1,0,EXTEND,quant,aiter::dynamic_per_group_scaled_quant_kernel,120,6029.917,50.24930833333334,33.439,69.959,15.197965721233732,50.5195,66.327,69.02301,0.956431614984959,0.956431614984959
isl32768_osl4_c1,0,EXTEND,linear_attn,chunk_gated_delta_rule_fwd_kkt_solve_kernel,45,5844.95,129.88777777777779,122.159,142.839,6.982983615673724,127.24,139.144,142.01224000000002,0.9270931868558614,0.9270931868558614
isl32768_osl4_c1,0,EXTEND,linear_attn,recompute_w_u_fwd_kernel,45,5744.983,127.66628888888889,124.119,132.84,1.8365023404462764,127.76,129.7434,132.34720000000002,0.9112369819934726,0.9112369819934726
isl32768_osl4_c1,0,EXTEND,norm,_fused_qk_gemma_rmsnorm_gate_kernel,16,4104.45,256.528125,254.28,272.08,4.314074900833307,255.38,257.9605,270.07599999999996,0.651024838671082,0.651024838671082
isl32768_osl4_c1,0,EXTEND,moe,aiter::opus_moe_sorting_entry,244,3600.614,14.756614754098361,4.879,101.68,15.980484393141914,6.259,39.547,57.164629999999974,0.571109198179254,0.571109198179254
isl32768_osl4_c1,0,EXTEND,moe,aiter::mxfp4_moe_sort_kernel,120,3507.018,29.22515,7.199,53.079,21.729628868216317,28.719,51.532000000000004,52.7914,0.5562635256043027,0.5562635256043027
isl32768_osl4_c1,0,EXTEND,norm,_layer_norm_fwd_1pass_kernel,45,3355.692,74.57093333333333,72.399,77.759,1.1951052521164651,74.2,76.223,77.21340000000001,0.5322610442153858,0.5322610442153858
isl32768_osl4_c1,0,EXTEND,linear_attn,fused_qkv_split_gdn_prefill_kernel,45,2795.331,62.11846666666667,60.4,65.88,1.1527209234123956,61.919,63.176,65.54560000000001,0.44337972525119673,0.44337972525119673
isl32768_osl4_c1,0,EXTEND,moe,vllm::moe::topkGatingSoftmax,61,2240.709,36.732934426229505,36.439,37.359,0.15933223871859903,36.719,36.919,37.239,0.3554086942790974,0.3554086942790974
isl32768_osl4_c1,0,EXTEND,gemm,Cijk_Alik_Bljk_BBS_BH_Bias_HA_S_SAV_UserArgs_MT32x192x128_MI16x16x1_SN_LDSB1_AF…,45,1962.403,43.60895555555555,42.519,46.72,0.8041577738556834,43.439,44.199,46.34996,0.3112653574736316,0.3112653574736316
isl32768_osl4_c1,0,EXTEND,other,_triton_mrope_forward_fused,15,1673.67,111.578,109.239,117.759,2.516700078617687,110.359,114.27159999999999,117.34474,0.2654681484093191,0.2654681484093191
isl32768_osl4_c1,0,EXTEND,linear_attn,l2norm_fwd_kernel,90,1482.913,16.47681111111111,15.679,17.679,0.526909707943016,16.339,17.203000000000003,17.572200000000002,0.2352113429541717,0.2352113429541717
isl32768_osl4_c1,0,EXTEND,index_copy,at::native::vectorized_elementwise_kernel,92,1374.998,14.94563043478261,3.919,21.0,3.95821922085958,12.859,18.8799,20.489490000000004,0.21809447090914993,0.21809447090914993
isl32768_osl4_c1,0,EXTEND,index_copy,at::native::index_elementwise_kernel,201,1131.402,5.628865671641791,2.999,8.079,0.6220424397624905,5.519,6.399,7.199,0.1794566396282424,0.1794566396282424
isl32768_osl4_c1,0,EXTEND,activation,_fused_sigmoid_mul_kernel,16,1032.514,64.532125,63.04,66.8,1.1546097103927941,64.139,66.43950000000001,66.76984999999999,0.163771579694145,0.163771579694145
isl32768_osl4_c1,0,EXTEND,activation,sgl_hip::activation::act_and_mul_kernel,60,952.106,15.868433333333334,15.519,16.239,0.16900640512049103,15.839500000000001,16.119,16.215400000000002,0.15101771371262146,0.15101771371262146
isl32768_osl4_c1,0,EXTEND,linear_attn,fused_gdn_gating_kernel,45,813.122,18.069377777777778,17.039,19.639,0.9300273771358682,17.68,19.495,19.6214,0.12897285114203058,0.12897285114203058
isl32768_osl4_c1,0,EXTEND,quant,at::native::vectorized_elementwise_kernel,48,801.399,16.6958125,6.999,38.279,13.137721392601827,7.659000000000001,35.2113,37.470600000000005,0.1271134146319644,0.1271134146319644
isl32768_osl4_c1,0,EXTEND,other,chunk_local_cumsum_scalar_kernel,45,625.921,13.909355555555557,12.919,15.039,0.7312800158736468,13.759,14.879,14.9862,0.09928007846260578,0.09928007846260578
isl32768_osl4_c1,0,EXTEND,norm,_gemma_rmsnorm_kernel,4,585.0,146.25,143.64,150.68,3.075819673951432,145.34,149.192,150.5312,0.09278941895322952,0.09278941895322952
isl32768_osl4_c1,0,EXTEND,index_copy,at::native::CatArrayBatchedCopy_contig,4,449.07800000000003,112.26950000000001,3.999,411.921,199.99012225857555,16.579,296.01240000000007,400.3301399999999,0.07123023364902292,0.07123023364902292
isl32768_osl4_c1,0,EXTEND,index_copy,at::native::elementwise_kernel_manual_unroll,72,406.893,5.651291666666666,2.519,11.439,2.810100712131853,4.279,10.8351,11.268600000000001,0.06453908554895114,0.06453908554895114
isl32768_osl4_c1,0,EXTEND,attention,reshape_and_cache_flash,16,380.905,23.8065625,22.919,25.799,0.7416291048540821,23.698999999999998,24.719,25.649,0.06041701474594854,0.06041701474594854
isl32768_osl4_c1,0,EXTEND,elementwise,at::native::vectorized_elementwise_kernel,62,253.14,4.082903225806452,2.199,9.359,1.097494743400943,4.039,4.3549999999999995,9.0418,0.04015164703217183,0.04015164703217183
isl32768_osl4_c1,0,EXTEND,index_copy,at::native::CatArrayBatchedCopy,2,182.71900000000002,91.35950000000001,25.919,156.8,92.54684262847654,91.35950000000001,143.7119,155.49119000000002,0.02898186297729085,0.02898186297729085
isl32768_osl4_c1,0,EXTEND,embedding,_vocab_parallel_embedding_kernel,2,175.559,87.7795,87.64,87.919,0.19728279195104417,87.7795,87.8911,87.91620999999999,0.02784618393505987,0.02784618393505987
isl32768_osl4_c1,0,EXTEND,gemm,Cijk_Alik_Bljk_BBS_BH_Bias_HA_S_SAV_UserArgs_MT256x16x128_MI16x16x1_SN_LDSB1_AF…,2,164.518,82.259,81.319,83.199,1.3293607486307062,82.259,83.011,83.1802,0.02609492243991011,0.02609492243991011
isl32768_osl4_c1,0,EXTEND,elementwise,at::native::elementwise_kernel_manual_unroll,13,111.828,8.602153846153847,2.399,19.959,6.905707492672925,4.919,18.5272,19.819799999999997,0.017737530158464535,0.017737530158464535
isl32768_osl4_c1,0,EXTEND,moe,_fused_append_shared_experts_with_weights_kernel,1,79.439,79.439,79.439,79.439,,79.439,79.439,79.439,0.012600168636283077,0.012600168636283077
isl32768_osl4_c1,0,EXTEND,memcpy,Memcpy DtoD,21,69.819,3.3247142857142857,1.399,4.719,1.0654791008207125,3.519,4.319,4.655,0.011074298191274414,0.011074298191274414
isl32768_osl4_c1,0,EXTEND,comm,aiter::allgather_vec,2,53.998,26.999,26.999,26.999,0.0,26.999,26.999,26.999,0.008564859905361518,0.008564859905361518
isl32768_osl4_c1,0,EXTEND,attention,create_flashinfer_kv_indices_triton,2,48.038,24.019,19.399,28.639,6.533666658163699,24.019,27.715,28.546599999999998,0.007619518132778187,0.007619518132778187
isl32768_osl4_c1,0,EXTEND,other,ROCPRIM_400200_NS::detail::trampoline_kernel,13,47.547,3.657461538461538,1.999,6.959,1.2526894145121403,3.599,4.519,6.675799999999997,0.007541638466614024,0.007541638466614024
isl32768_osl4_c1,0,EXTEND,memcpy,Memcpy DtoH,7,24.433,3.490428571428571,3.039,3.959,0.31131059364288527,3.399,3.887,3.9518,0.0038754254244175337,0.0038754254244175337
isl32768_osl4_c1,0,EXTEND,memcpy,Memcpy HtoD,5,22.236,4.4472000000000005,3.199,5.24,0.9690800792504196,5.079,5.1916,5.2351600000000005,0.0035269496065709603,0.0035269496065709603
isl32768_osl4_c1,0,EXTEND,embedding,at::native::vectorized_gather_kernel,1,11.359,11.359,11.359,11.359,,11.359,11.359,11.359,0.0018017008716063835,0.0018017008716063835
isl32768_osl4_c1,0,EXTEND,index_copy,at::native::unrolled_elementwise_kernel,2,6.198,3.099,1.719,4.479,1.951614716074871,3.099,4.203,4.4514000000000005,0.000983091997730114,0.000983091997730114
isl32768_osl4_c1,0,EXTEND,kv_cache,_fused_slot_clear_kernel,1,5.239,5.239,5.239,5.239,,5.239,5.239,5.239,0.0008309807964033666,0.0008309807964033666
isl32768_osl4_c1,0,EXTEND,memset,Memset,2,3.998,1.999,1.959,2.039,0.05656854249492385,1.999,2.031,2.0382000000000002,0.0006341403367094217,0.0006341403367094217
isl32768_osl4_c1,0,EXTEND,other,ROCPRIM_400200_NS::detail::init_lookback_scan_state_kernel,2,2.918,1.459,0.839,2.079,0.876812408671319,1.459,1.955,2.0666,0.00046283679402653636,0.00046283679402653636
isl32768_osl4_c1,0,EXTEND,elementwise,elementwise_kernel_with_index,1,1.799,1.799,1.799,1.799,,1.799,1.799,1.799,0.00028534729008010244,0.00028534729008010244
isl32768_osl4_c16,0,EXTEND,comm,quickreduce::allreduce_prototype_twoshot,1984,3368702.87,1697.9349143145162,1509.768,2023.85,69.23910961449074,1691.249,1767.948,1922.6972,21.690016995819764,21.690016995819764
isl32768_osl4_c16,0,EXTEND,activation,sgl_hip::activation::act_and_mul_kernel,960,2153858.117,2243.6022052083335,15.199,538864.773,34457.830966842135,15.799,16.479,17.088199999999997,13.868014178500214,13.868014178500214
isl32768_osl4_c16,0,EXTEND,gemm,Cijk_Alik_Bljk_BBS_BH_Bias_HA_S_SAV_UserArgs_MT256x256x64_MI16x16x1_CMS_SN_LDSB…,4864,1718639.591,353.33873170230265,98.72,1600.128,350.1202662849207,110.24,1010.6323,1020.4345999999999,11.065779137261439,11.065779137261439
isl32768_osl4_c16,0,EXTEND,quant,at::native::vectorized_elementwise_kernel,416,1502579.154,3611.969120192308,6.959,249794.649,29692.10826865419,34.1395,36.6595,248196.35640000002,9.674634019540134,9.674634019540134
isl32768_osl4_c16,0,EXTEND,linear_attn,chunk_gated_delta_rule_fwd_kernel_h_blockdim64,720,904399.67,1256.110652777778,1183.605,1341.286,31.310931897827928,1257.6855,1296.33,1322.23139,5.823144685157046,5.823144685157046
isl32768_osl4_c16,0,EXTEND,index_copy,at::native::index_elementwise_kernel,3346,762260.346,227.81241661685596,0.679,248044.236,7421.592009585533,5.519,6.399,6.999,4.9079543367324225,4.9079543367324225
isl32768_osl4_c16,0,EXTEND,moe,mfma_moe2_afp4_wfp4_bf16_cshuffle_t64x256x256_vscale_fix3_fp4opt_v1_persist_cu2…,960,727229.463,757.530690625,654.762,808.563,25.40871854196616,763.5029999999999,783.527,798.1794,4.682401512108095,4.682401512108095
isl32768_osl4_c16,0,EXTEND,other,chunk_fwd_kernel_o,720,704229.74,978.0968611111111,188.64,559464.149,20842.494398378643,201.72,204.08010000000002,205.6,4.534313538184427,4.534313538184427
isl32768_osl4_c16,0,EXTEND,attention,aiter::fmha_fwd_hd256_fp8_causal_group_gfx950,256,648280.432,2532.3454375,1564.727,3195.376,519.9040522700054,2799.274,3005.3149999999996,3136.6859999999997,4.174073562070311,4.174073562070311
isl32768_osl4_c16,0,EXTEND,moe,moe_reduction_kernel_0,960,540713.75,563.2434895833334,519.682,587.922,10.467334860819387,563.922,574.922,581.9968,3.4814855687683255,3.4814855687683255
isl32768_osl4_c16,0,EXTEND,moe,mfma_moe1_silu_mul_afp4_wfp4_bf16_t128x128x256_pm1_async_xcd4_v32,960,470047.974,489.63330625,446.241,515.882,10.796221116396232,490.86199999999997,501.962,508.77781000000004,3.0264908893287603,3.0264908893287603
isl32768_osl4_c16,0,EXTEND,norm,_gemma_fused_add_rmsnorm_kernel,1952,355318.982,182.02816700819673,163.2,195.48,4.538260091251455,181.88,187.76,192.65879999999999,2.2877870373047706,2.2877870373047706
isl32768_osl4_c16,0,EXTEND,index_copy,at::native::vectorized_elementwise_kernel,1648,306142.06799999997,185.76581796116503,1.959,283875.88,6992.449378505948,11.919,18.759,20.0602,1.9711523735708427,1.9711523735708427
isl32768_osl4_c16,0,EXTEND,linear_attn,_causal_conv1d_fwd_kernel,720,205011.235,284.7378263888889,181.4,348.641,61.69730231436119,321.9205,336.485,343.93801,1.3200027853700258,1.3200027853700258
isl32768_osl4_c16,0,EXTEND,linear_attn,_fused_gate_sigmoid_mul_add_kernel,960,173694.14,180.93139583333334,168.28,194.08,3.887074562229157,180.74,186.004,190.3292,1.1183618722283744,1.1183618722283744
isl32768_osl4_c16,0,EXTEND,moe,ck::kernel_moe_gemm_2lds,32,101717.64,3178.67625,1666.848,4600.344,1351.8804662796383,3118.2355,4575.356,4594.7764,0.6549278536918504,0.6549278536918504
isl32768_osl4_c16,0,EXTEND,quant,aiter::dynamic_per_group_scaled_quant_kernel,1920,96802.41,50.417921875000005,32.04,74.24,15.318952126922792,50.1995,66.79910000000001,71.33639,0.6232802354979776,0.6232802354979776
isl32768_osl4_c16,0,EXTEND,elementwise,fused_qkvzba_split_reshape_cat_contiguous_kernel,720,95895.598,133.18833055555555,122.76,143.88,2.923967638823954,133.399,136.4039,139.14598999999998,0.6174415585795787,0.6174415585795787
isl32768_osl4_c16,0,EXTEND,linear_attn,chunk_gated_delta_rule_fwd_kkt_solve_kernel,720,95706.763,132.92605972222222,119.879,154.96,8.260265504260659,133.38,144.60399999999998,152.13719999999998,0.6162257094775754,0.6162257094775754
isl32768_osl4_c16,0,EXTEND,linear_attn,recompute_w_u_fwd_kernel,720,91245.04,126.72922222222222,116.44,133.8,2.608732719915196,126.77950000000001,129.56,132.15439999999998,0.5874980800500978,0.5874980800500978
isl32768_osl4_c16,0,EXTEND,norm,_fused_qk_gemma_rmsnorm_gate_kernel,256,65326.194,255.1804453125,239.56,285.12,6.064730924711728,254.7405,256.981,277.69654999999995,0.42061479234356436,0.42061479234356436
isl32768_osl4_c16,0,EXTEND,moe,aiter::opus_moe_sorting_entry,3904,59679.821,15.286839395491803,4.079,113.839,16.90994010768151,6.279,41.98730000000001,61.26799999999992,0.38425957460518967,0.38425957460518967
isl32768_osl4_c16,0,EXTEND,moe,aiter::mxfp4_moe_sort_kernel,1920,55780.564,29.052377083333333,6.999,55.079,21.556227726150365,27.899,51.919,53.103989999999996,0.35915348663457874,0.35915348663457874
isl32768_osl4_c16,0,EXTEND,norm,_layer_norm_fwd_1pass_kernel,720,53280.501,74.00069583333332,68.479,78.639,1.4159769601169587,73.919,75.8,77.39358999999997,0.34305636823226027,0.34305636823226027
isl32768_osl4_c16,0,EXTEND,linear_attn,fused_qkv_split_gdn_prefill_kernel,720,44223.319,61.42127638888889,56.039,67.359,1.508140538268596,61.279,63.399,65.7438,0.2847400253859609,0.2847400253859609
isl32768_osl4_c16,0,EXTEND,moe,vllm::moe::topkGatingSoftmax,976,35750.207,36.62931045081967,35.56,39.479,0.4564985004984567,36.519,37.159499999999994,38.109,0.2301843253495595,0.2301843253495595
isl32768_osl4_c16,0,EXTEND,gemm,Cijk_Alik_Bljk_BBS_BH_Bias_HA_S_SAV_UserArgs_MT32x192x128_MI16x16x1_SN_LDSB1_AF…,720,31366.456,43.56452222222222,42.039,47.08,0.7873922202725989,43.399,44.839,45.712399999999995,0.20195873307717185,0.20195873307717185
isl32768_osl4_c16,0,EXTEND,other,_triton_mrope_forward_fused,240,26453.214,110.221725,101.96,118.32,2.781788377425254,109.9195,113.8039,117.28760999999999,0.17032391498929003,0.17032391498929003
isl32768_osl4_c16,0,EXTEND,linear_attn,l2norm_fwd_kernel,1440,23395.081,16.246584027777775,14.599,18.879,0.6151377500903946,16.199,16.999,17.88779999999999,0.15063355958983107,0.15063355958983107
isl32768_osl4_c16,0,EXTEND,activation,_fused_sigmoid_mul_kernel,256,15793.801,61.69453515625,57.519,68.88,1.8581468247392556,61.0195,64.45949999999999,67.09599999999999,0.10169131126681862,0.10169131126681862
isl32768_osl4_c16,0,EXTEND,linear_attn,fused_gdn_gating_kernel,720,13193.269,18.32398472222222,16.159,22.599,1.0713135574107138,18.239,19.719,20.831399999999995,0.08494730461057909,0.08494730461057909
isl32768_osl4_c16,0,EXTEND,other,chunk_local_cumsum_scalar_kernel,720,10449.657,14.5134125,12.639,21.999,1.3834824026336896,14.279,16.759,17.551399999999997,0.06728205088936412,0.06728205088936412
isl32768_osl4_c16,0,EXTEND,norm,_gemma_rmsnorm_kernel,64,9463.628999999999,147.86920312499998,138.559,161.56,4.52680424498022,147.0,153.411,160.048,0.060933327091603304,0.060933327091603304
isl32768_osl4_c16,0,EXTEND,index_copy,at::native::CatArrayBatchedCopy_contig,64,7243.654,113.18209375,2.919,420.081,176.3804470872253,16.459,418.041,419.67843,0.046639607123271705,0.046639607123271705
isl32768_osl4_c16,0,EXTEND,index_copy,at::native::elementwise_kernel_manual_unroll,1301,6557.217,5.040136049192928,2.359,13.359,2.0061925436621504,4.279,8.159,12.239,0.04221985543512132,0.04221985543512132
isl32768_osl4_c16,0,EXTEND,elementwise,at::native::reduce_kernel,699,6488.168,9.282071530758225,5.359,15.199,2.834442661978732,9.199,13.239,14.2798,0.04177527066723279,0.04177527066723279
isl32768_osl4_c16,0,EXTEND,elementwise,at::native::vectorized_elementwise_kernel,1696,6406.266,3.777279481132075,1.439,11.679,1.2831388646724897,4.159,4.479,9.161,0.041247929479676045,0.041247929479676045
isl32768_osl4_c16,0,EXTEND,attention,reshape_and_cache_flash,256,6013.614,23.4906796875,21.479,27.759,0.940647561126084,23.159,24.659,26.208999999999996,0.0387197668954103,0.0387197668954103
isl32768_osl4_c16,0,EXTEND,embedding,at::native::vectorized_gather_kernel,840,5930.992,7.060704761904762,3.519,14.559,3.3210727316834006,4.239,11.199,12.079,0.038187789854577193,0.038187789854577193
isl32768_osl4_c16,0,EXTEND,memcpy,Memcpy DtoD,1221,4304.447,3.5253456183456184,0.599,7.759,0.7680121146953995,3.479,4.359,6.038999999999991,0.02771497878873639,0.02771497878873639
isl32768_osl4_c16,0,EXTEND,other,compute_cuda_kernel,176,2964.885,16.8459375,15.159,21.759,1.4370664371012418,16.3795,19.079,20.979,0.01908996089068879,0.01908996089068879
isl32768_osl4_c16,0,EXTEND,index_copy,at::native::CatArrayBatchedCopy,32,2915.262,91.1019375,24.559,162.48,65.81055263402646,85.2195,159.247,162.0956,0.018770454019670643,0.018770454019670643
isl32768_osl4_c16,0,EXTEND,embedding,_vocab_parallel_embedding_kernel,32,2732.99,85.4059375,79.92,90.2,2.170274859023546,85.2,87.5271,90.03880000000001,0.017596862008018375,0.017596862008018375
isl32768_osl4_c16,0,EXTEND,gemm,Cijk_Alik_Bljk_BBS_BH_Bias_HA_S_SAV_UserArgs_MT256x16x128_MI16x16x1_SN_LDSB1_AF…,32,2651.464,82.85825,78.919,90.2,2.9920871882242137,81.7995,88.004,90.1008,0.017071941766061506,0.017071941766061506
isl32768_osl4_c16,0,EXTEND,other,ROCPRIM_400200_NS::detail::trampoline_kernel,560,1919.8899999999999,3.428375,0.759,8.159,0.7247188724578666,3.439,4.159,4.551799999999997,0.01236156714827877,0.01236156714827877
isl32768_osl4_c16,0,EXTEND,elementwise,at::native::elementwise_kernel_manual_unroll,208,1794.723,8.628475961538461,2.239,20.36,6.416586754209638,5.079,18.199,19.968200000000003,0.011555656249608217,0.011555656249608217
isl32768_osl4_c16,0,EXTEND,moe,_fused_append_shared_experts_with_weights_kernel,16,1277.147,79.8216875,76.039,82.679,1.6481393031233755,80.119,81.45949999999999,82.517,0.008223147367152694,0.008223147367152694
isl32768_osl4_c16,0,EXTEND,attention,create_flashinfer_kv_indices_triton,32,959.411,29.98159375,19.759,32.119,2.181178637570047,30.099,31.759,32.1066,0.006177345316292747,0.006177345316292747
isl32768_osl4_c16,0,EXTEND,comm,aiter::allgather_vec,32,943.294,29.4779375,21.119,40.76,4.536445567078317,28.939,34.89900000000001,39.9912,0.006073573028438335,0.006073573028438335
isl32768_osl4_c16,0,EXTEND,index_copy,at::native::unrolled_elementwise_kernel,208,848.838,4.080951923076923,1.559,4.719,0.5567369283057114,4.199,4.479,4.679,0.005465400588060074,0.005465400588060074
isl32768_osl4_c16,0,EXTEND,elementwise,elementwise_kernel_with_index,368,772.196,2.098358695652174,1.559,2.839,0.21072453610084252,2.119,2.359,2.4921999999999995,0.0049719268841612145,0.0049719268841612145
isl32768_osl4_c16,0,EXTEND,elementwise,at::native::_scatter_gather_elementwise_kernel,176,743.226,4.222875,3.079,4.879,0.32450753238011076,4.279,4.559,4.809,0.004785398176638578,0.004785398176638578
isl32768_osl4_c16,0,EXTEND,memcpy,Memcpy DtoH,112,454.369,4.056866071428572,2.839,7.599,0.8686305416790161,3.759,4.959,6.8306,0.002925538912956616,0.002925538912956616
isl32768_osl4_c16,0,EXTEND,memcpy,Memcpy HtoD,81,344.282,4.250395061728395,2.159,12.159,1.6623725716503235,3.679,6.599,9.82300000000001,0.0022167233856854878,0.0022167233856854878
isl32768_osl4_c16,0,EXTEND,kv_cache,_fused_slot_clear_kernel,15,89.746,5.983066666666667,4.279,10.199,1.6491580738003717,5.399,7.9830000000000005,9.9134,0.0005778462335287056,0.0005778462335287056
isl32768_osl4_c16,0,EXTEND,memset,Memset,32,70.248,2.19525,1.759,3.479,0.3341020705538759,2.179,2.555,3.2062000000000013,0.00045230475133069454,0.00045230475133069454
isl32768_osl4_c16,0,EXTEND,other,ROCPRIM_400200_NS::detail::init_lookback_scan_state_kernel,32,64.369,2.01153125,1.599,3.759,0.36833785195861135,1.939,2.195,3.325000000000002,0.00041445172159215173,0.00041445172159215173
isl32768_osl4_c2,0,EXTEND,comm,quickreduce::allreduce_prototype_twoshot,248,956330.9249999999,3856.173084677419,1599.768,534815.889,33852.587018537655,1694.1480000000001,1831.6177,1987.3732,53.44687701801998,53.44687701801998
isl32768_osl4_c2,0,EXTEND,gemm,Cijk_Alik_Bljk_BBS_BH_Bias_HA_S_SAV_UserArgs_MT256x256x64_MI16x16x1_CMS_SN_LDSB…,608,214426.976,352.675947368421,99.719,1579.607,350.8128012562199,109.5395,1011.9363,1019.7082,11.983772474593897,11.983772474593897
isl32768_osl4_c2,0,EXTEND,linear_attn,chunk_gated_delta_rule_fwd_kernel_h_blockdim64,90,116016.829,1289.0758777777778,1247.246,1328.766,17.08438048307612,1289.806,1308.3109,1326.2028,6.483882335587604,6.483882335587604
isl32768_osl4_c2,0,EXTEND,moe,mfma_moe2_afp4_wfp4_bf16_cshuffle_t64x256x256_vscale_fix3_fp4opt_v1_persist_cu2…,120,88452.837,737.106975,656.602,806.083,39.252546286076054,746.943,782.0310000000001,793.709,4.943401679741735,4.943401679741735
isl32768_osl4_c2,0,EXTEND,moe,moe_reduction_kernel_0,120,68021.45,566.8454166666667,550.162,589.122,7.313168121695969,566.1825,575.5468999999999,584.1728,3.8015439820032957,3.8015439820032957
isl32768_osl4_c2,0,EXTEND,moe,mfma_moe1_silu_mul_afp4_wfp4_bf16_t128x128x256_pm1_async_xcd4_v32,120,58363.24,486.3603333333333,441.641,513.362,15.084119120315021,485.682,503.658,509.3872,3.2617714528610318,3.2617714528610318
isl32768_osl4_c2,0,EXTEND,attention,aiter::fmha_fwd_hd256_fp8_causal_group_gfx950,32,56272.758,1758.5236875,1595.448,1924.329,73.37707657925971,1758.729,1829.633,1916.2318,3.1449397877526546,3.1449397877526546
isl32768_osl4_c2,0,EXTEND,norm,_gemma_fused_add_rmsnorm_kernel,244,44588.238,182.73868032786885,175.72,195.08,3.4609916387830992,182.08,187.688,191.4108,2.491922001619058,2.491922001619058
isl32768_osl4_c2,0,EXTEND,linear_attn,_fused_gate_sigmoid_mul_add_kernel,120,21951.922,182.93268333333333,175.44,195.96,4.248155049836457,182.04000000000002,188.11200000000002,195.18459000000001,1.2268364901440023,1.2268364901440023
isl32768_osl4_c2,0,EXTEND,other,chunk_fwd_kernel_o,90,18132.571,201.4730111111111,198.96,206.2,1.519777981231042,201.36,203.209,205.6304,1.0133827809212754,1.0133827809212754
isl32768_osl4_c2,0,EXTEND,linear_attn,_causal_conv1d_fwd_kernel,90,17675.806,196.39784444444444,192.44,207.161,2.7223439747951783,195.78,200.06,204.52570999999998,0.9878553592485569,0.9878553592485569
isl32768_osl4_c2,0,EXTEND,moe,ck::kernel_moe_gemm_2lds,4,12605.946,3151.4865,1682.728,4591.345,1579.4714536258643,3165.9365,4546.344700000001,4586.84497,0.7045139166212794,0.7045139166212794
isl32768_osl4_c2,0,EXTEND,elementwise,fused_qkvzba_split_reshape_cat_contiguous_kernel,90,12074.3,134.15888888888887,128.72,139.6,2.4492998056745523,134.08,137.624,138.7456,0.6748015883504747,0.6748015883504747
isl32768_osl4_c2,0,EXTEND,quant,aiter::dynamic_per_group_scaled_quant_kernel,240,12073.44,50.306000000000004,33.119,71.8,15.137840595935401,50.759,66.24300000000001,69.74579,0.674753525161223,0.674753525161223
isl32768_osl4_c2,0,EXTEND,linear_attn,chunk_gated_delta_rule_fwd_kkt_solve_kernel,90,11600.685,128.8965,120.559,149.36,6.617572803027614,126.72,138.032,142.48831,0.6483324634929997,0.6483324634929997
isl32768_osl4_c2,0,EXTEND,linear_attn,recompute_w_u_fwd_kernel,90,11490.058,127.66731111111112,123.96,133.92,1.8948057067064383,127.68,130.212,132.28151,0.642149804844925,0.642149804844925
isl32768_osl4_c2,0,EXTEND,norm,_fused_qk_gemma_rmsnorm_gate_kernel,32,8227.817000000001,257.11928125000003,253.76,286.321,6.404591297853468,255.3405,258.088,282.57620000000003,0.45983154139428684,0.45983154139428684
isl32768_osl4_c2,0,EXTEND,moe,aiter::opus_moe_sorting_entry,488,7596.866,15.567348360655737,4.319,107.959,17.590297588328408,6.199,44.5833,60.39033,0.4245693119506486,0.4245693119506486
isl32768_osl4_c2,0,EXTEND,moe,aiter::mxfp4_moe_sort_kernel,240,6827.914,28.449641666666665,7.119,53.199,20.9791048761009,27.719,50.723,51.91961,0.38159456136756936,0.38159456136756936
isl32768_osl4_c2,0,EXTEND,norm,_layer_norm_fwd_1pass_kernel,90,6639.711,73.77456666666667,71.599,77.92,1.3183387235030464,73.7195,75.8239,77.2436,0.37107637949927685,0.37107637949927685
isl32768_osl4_c2,0,EXTEND,linear_attn,fused_qkv_split_gdn_prefill_kernel,90,5583.733,62.04147777777778,60.039,66.6,1.1940351304543146,61.879,63.651,65.31751,0.31206048361602423,0.31206048361602423
isl32768_osl4_c2,0,EXTEND,moe,vllm::moe::topkGatingSoftmax,122,4439.182,36.38673770491803,35.919,37.119,0.27363363946933567,36.319,36.76,37.039,0.24809447045185531,0.24809447045185531
isl32768_osl4_c2,0,EXTEND,gemm,Cijk_Alik_Bljk_BBS_BH_Bias_HA_S_SAV_UserArgs_MT32x192x128_MI16x16x1_SN_LDSB1_AF…,90,3935.169,43.7241,42.479,46.159,0.8407214538248374,43.4195,45.1191,45.696200000000005,0.21992647951662198,0.21992647951662198
isl32768_osl4_c2,0,EXTEND,other,_triton_mrope_forward_fused,30,3330.305,111.01016666666666,108.0,119.719,2.8247509146622196,110.719,114.119,119.1274,0.18612218544276085,0.18612218544276085
isl32768_osl4_c2,0,EXTEND,linear_attn,l2norm_fwd_kernel,180,2975.475,16.530416666666667,15.679,18.039,0.5495675991990303,16.419,17.279,17.91921,0.16629164888209905,0.16629164888209905
isl32768_osl4_c2,0,EXTEND,index_copy,at::native::vectorized_elementwise_kernel,184,2739.708,14.889717391304348,3.879,21.279,3.9136135087221082,13.0595,18.799,20.2458,0.15311523732361315,0.15311523732361315
isl32768_osl4_c2,0,EXTEND,index_copy,at::native::index_elementwise_kernel,402,2238.769,5.56907711442786,2.919,8.039,0.6127476823441167,5.479,6.319,7.117400000000001,0.12511904434623983,0.12511904434623983
isl32768_osl4_c2,0,EXTEND,activation,_fused_sigmoid_mul_kernel,32,2066.66,64.583125,62.359,66.559,1.011155000721389,64.5995,65.839,66.5094,0.11550031476610585,0.11550031476610585
isl32768_osl4_c2,0,EXTEND,activation,sgl_hip::activation::act_and_mul_kernel,120,1888.251,15.735425,15.359,16.119,0.17067432560337867,15.739,15.959,16.0714,0.10552949438098873,0.10552949438098873
isl32768_osl4_c2,0,EXTEND,linear_attn,fused_gdn_gating_kernel,90,1622.847,18.031633333333332,16.919,20.999,0.9761903301478444,17.7195,19.403000000000002,20.5718,0.09069674707848925,0.09069674707848925
isl32768_osl4_c2,0,EXTEND,quant,at::native::vectorized_elementwise_kernel,96,1596.349,16.628635416666665,7.039,39.839,13.04612810971721,7.639,35.399,37.86299999999999,0.08921584197524426,0.08921584197524426
isl32768_osl4_c2,0,EXTEND,other,chunk_local_cumsum_scalar_kernel,90,1245.8,13.842222222222222,12.759,17.84,0.7991548594535759,13.658999999999999,14.763,15.596309999999999,0.06962455949968291,0.06962455949968291
isl32768_osl4_c2,0,EXTEND,norm,_gemma_rmsnorm_kernel,8,1195.959,149.494875,144.319,161.12,5.483947364483777,146.92000000000002,155.436,160.5516,0.06683907413283133,0.06683907413283133
isl32768_osl4_c2,0,EXTEND,index_copy,at::native::CatArrayBatchedCopy_contig,8,915.038,114.37975,4.239,417.881,187.36394524694447,16.779,417.5177,417.84466999999995,0.05113912158891543,0.05113912158891543
isl32768_osl4_c2,0,EXTEND,index_copy,at::native::elementwise_kernel_manual_unroll,144,807.0219999999999,5.604319444444444,2.639,11.519,2.7946619587483585,4.199,10.707,11.47957,0.045102385018906004,0.045102385018906004
isl32768_osl4_c2,0,EXTEND,attention,reshape_and_cache_flash,32,755.376,23.6055,22.639,25.919,0.8297970214300567,23.479,24.596,25.88211,0.04221602284205528,0.04221602284205528
isl32768_osl4_c2,0,EXTEND,elementwise,at::native::vectorized_elementwise_kernel,124,516.599,4.166120967741936,2.159,10.079,1.1438271061058445,4.119,4.399,9.753399999999997,0.028871390121188546,0.028871390121188546
isl32768_osl4_c2,0,EXTEND,index_copy,at::native::CatArrayBatchedCopy,4,367.117,91.77925,25.559,157.84,76.21075191150305,91.859,157.8037,157.83637000000002,0.020517225405237673,0.020517225405237673
isl32768_osl4_c2,0,EXTEND,embedding,_vocab_parallel_embedding_kernel,4,339.479,84.86975,82.12,87.88,2.7682666508123783,84.73949999999999,87.4717,87.83917,0.01897260863251955,0.01897260863251955
isl32768_osl4_c2,0,EXTEND,gemm,Cijk_Alik_Bljk_BBS_BH_Bias_HA_S_SAV_UserArgs_MT256x16x128_MI16x16x1_SN_LDSB1_AF…,4,329.396,82.349,79.959,85.159,2.175346715660138,82.139,84.403,85.08340000000001,0.018409095682258427,0.018409095682258427
isl32768_osl4_c2,0,EXTEND,elementwise,at::native::elementwise_kernel_manual_unroll,26,226.654,8.717461538461539,2.599,20.239,6.613377770735733,5.119,18.159,19.979,0.012667109414706317,0.012667109414706317
isl32768_osl4_c2,0,EXTEND,moe,_fused_append_shared_experts_with_weights_kernel,2,158.35899999999998,79.17949999999999,78.92,79.439,0.36698841943580696,79.17949999999999,79.38709999999999,79.43381,0.008850277426400934,0.008850277426400934
isl32768_osl4_c2,0,EXTEND,memcpy,Memcpy DtoD,42,141.478,3.36852380952381,1.399,4.919,1.0673992838327169,3.599,4.511,4.820599999999999,0.007906841731334194,0.007906841731334194
isl32768_osl4_c2,0,EXTEND,comm,aiter::allgather_vec,4,125.277,31.31925,27.199,34.4,3.0006088687686914,31.839,33.6437,34.324369999999995,0.007001409488233887,0.007001409488233887
isl32768_osl4_c2,0,EXTEND,attention,create_flashinfer_kv_indices_triton,4,108.51599999999999,27.128999999999998,19.639,30.479,5.03230894653074,29.198999999999998,30.155,30.4466,0.006064680284690632,0.006064680284690632
isl32768_osl4_c2,0,EXTEND,other,ROCPRIM_400200_NS::detail::trampoline_kernel,26,89.776,3.452923076923077,1.999,5.039,0.8504474550765343,3.6195,4.439500000000001,4.979,0.005017349858439182,0.005017349858439182
isl32768_osl4_c2,0,EXTEND,memcpy,Memcpy HtoD,10,80.39,8.039,3.279,42.959,12.303105299069827,3.839,9.442999999999987,39.607400000000005,0.004492790446443658,0.004492790446443658
isl32768_osl4_c2,0,EXTEND,memcpy,Memcpy DtoH,14,55.626,3.9732857142857143,3.039,5.519,0.735492658392625,3.859,4.947000000000001,5.4774,0.0031087941457130846,0.0031087941457130846
isl32768_osl4_c2,0,EXTEND,embedding,at::native::vectorized_gather_kernel,2,22.518,11.259,11.159,11.359,0.141421356237309,11.259,11.339,11.357,0.0012584731343826135,0.0012584731343826135
isl32768_osl4_c2,0,EXTEND,index_copy,at::native::unrolled_elementwise_kernel,4,12.996,3.249,1.879,4.639,1.4932291630333683,3.239,4.579000000000001,4.633,0.0007263130319938025,0.0007263130319938025
isl32768_osl4_c2,0,EXTEND,kv_cache,_fused_slot_clear_kernel,2,11.038,5.519,5.319,5.719,0.2828427124746193,5.519,5.679,5.715,0.0006168854453022153,0.0006168854453022153
isl32768_osl4_c2,0,EXTEND,memset,Memset,4,8.716,2.179,1.879,2.439,0.2320919358070561,2.199,2.379,2.433,0.00048711483432271326,0.00048711483432271326
isl32768_osl4_c2,0,EXTEND,other,ROCPRIM_400200_NS::detail::init_lookback_scan_state_kernel,4,6.996,1.749,0.599,2.319,0.7840918313565063,2.0389999999999997,2.271,2.3142,0.00039098845581937844,0.00039098845581937844
isl32768_osl4_c2,0,EXTEND,elementwise,elementwise_kernel_with_index,2,4.2780000000000005,2.1390000000000002,1.759,2.519,0.5374011537017761,2.1390000000000002,2.443,2.5114,0.00023908642281236437,0.00023908642281236437
isl32768_osl4_c4,0,EXTEND,comm,quickreduce::allreduce_prototype_twoshot,496,1909423.785,3849.6447278225805,1559.087,540064.758,33779.139458526144,1697.828,1777.7685000000001,1975.8199500000003,45.859830715695495,45.859830715695495
isl32768_osl4_c4,0,EXTEND,other,chunk_fwd_kernel_o,180,595932.385,3310.735472222222,196.68,559971.491,41722.83656288487,200.86,203.172,204.57701,14.312882508741072,14.312882508741072
isl32768_osl4_c4,0,EXTEND,gemm,Cijk_Alik_Bljk_BBS_BH_Bias_HA_S_SAV_UserArgs_MT256x256x64_MI16x16x1_CMS_SN_LDSB…,1216,430263.853,353.8354054276316,100.279,1594.648,350.42978454485814,110.2795,1011.3845,1020.3340000000001,10.333917287860166,10.333917287860166
isl32768_osl4_c4,0,EXTEND,linear_attn,chunk_gated_delta_rule_fwd_kernel_h_blockdim64,180,230552.122,1280.8451222222222,1231.046,1332.846,20.765755926055462,1283.366,1306.606,1322.0344,5.537315167604019,5.537315167604019
isl32768_osl4_c4,0,EXTEND,moe,mfma_moe2_afp4_wfp4_bf16_cshuffle_t64x256x256_vscale_fix3_fp4opt_v1_persist_cu2…,240,178784.738,744.9364083333334,659.443,796.364,31.19294963884439,754.0229999999999,777.647,791.12361,4.293985381160407,4.293985381160407
isl32768_osl4_c4,0,EXTEND,moe,moe_reduction_kernel_0,240,135252.185,563.5507708333333,547.042,587.163,7.670151221389234,562.0219999999999,574.1379999999999,582.7787999999999,3.248436704703524,3.248436704703524
isl32768_osl4_c4,0,EXTEND,attention,aiter::fmha_fwd_hd256_fp8_causal_group_gfx950,64,131791.099,2059.235921875,1593.127,3165.977,461.8707200591032,1831.089,2823.4467,3061.0933399999994,3.165309627676742,3.165309627676742
isl32768_osl4_c4,0,EXTEND,moe,mfma_moe1_silu_mul_afp4_wfp4_bf16_t128x128x256_pm1_async_xcd4_v32,240,117003.764,487.5156833333333,438.082,510.162,12.206101955045225,490.322,501.5219,507.204,2.810152912251058,2.810152912251058
isl32768_osl4_c4,0,EXTEND,norm,_gemma_fused_add_rmsnorm_kernel,488,89331.246,183.05583196721312,174.64,196.28,3.438455389644258,182.72,187.44400000000002,192.15120000000002,2.14552466108625,2.14552466108625
isl32768_osl4_c4,0,EXTEND,linear_attn,_fused_gate_sigmoid_mul_add_kernel,240,43607.958,181.699825,173.0,194.2,3.515309206091995,181.18,186.824,191.0392,1.04735972571807,1.04735972571807
isl32768_osl4_c4,0,EXTEND,linear_attn,_causal_conv1d_fwd_kernel,180,41296.45,229.42472222222221,190.96,346.841,58.561918205339616,196.2405,330.881,344.571,0.9918427857853374,0.9918427857853374
isl32768_osl4_c4,0,EXTEND,moe,ck::kernel_moe_gemm_2lds,8,25231.49,3153.93625,1668.568,4568.904,1436.876433139085,3172.4365,4513.5199999999995,4563.3656,0.6060005480159889,0.6060005480159889
isl32768_osl4_c4,0,EXTEND,quant,aiter::dynamic_per_group_scaled_quant_kernel,480,24206.808,50.43085,33.359,72.28,15.312826018697999,50.8595,67.199,70.52960999999999,0.5813901166248139,0.5813901166248139
isl32768_osl4_c4,0,EXTEND,elementwise,fused_qkvzba_split_reshape_cat_contiguous_kernel,180,24029.787,133.49881666666667,128.479,140.2,2.3260009090219604,133.17950000000002,136.639,139.5156,0.5771384920473379,0.5771384920473379
isl32768_osl4_c4,0,EXTEND,linear_attn,chunk_gated_delta_rule_fwd_kkt_solve_kernel,180,23941.444,133.00802222222222,120.239,153.92,9.454731466607004,133.9395,148.24790000000002,153.6,0.5750167027113384,0.5750167027113384
isl32768_osl4_c4,0,EXTEND,linear_attn,recompute_w_u_fwd_kernel,180,22958.819,127.54899444444445,123.719,134.04,1.8294826007811997,127.4795,129.92,132.06201000000001,0.5514163807131445,0.5514163807131445
isl32768_osl4_c4,0,EXTEND,norm,_fused_qk_gemma_rmsnorm_gate_kernel,64,16358.79,255.60609375,251.201,284.121,5.665887304160962,254.42000000000002,257.305,280.06379999999996,0.3928993374897194,0.3928993374897194
isl32768_osl4_c4,0,EXTEND,moe,aiter::opus_moe_sorting_entry,976,15126.674,15.498641393442623,4.279,108.319,17.296876800176978,6.138999999999999,42.679,61.68,0.3633068333918929,0.3633068333918929
isl32768_osl4_c4,0,EXTEND,moe,aiter::mxfp4_moe_sort_kernel,480,13757.949,28.66239375,7.079,52.56,21.183436954660333,27.659000000000002,51.079,51.967400000000005,0.33043330511103497,0.33043330511103497
isl32768_osl4_c4,0,EXTEND,norm,_layer_norm_fwd_1pass_kernel,180,13263.254,73.68474444444445,71.079,77.519,1.3092633739516275,73.5395,75.504,77.25801,0.31855190448424797,0.31855190448424797
isl32768_osl4_c4,0,EXTEND,linear_attn,fused_qkv_split_gdn_prefill_kernel,180,11112.413,61.73562777777778,58.44,66.56,1.1968535706656616,61.6395,63.4431,64.7082,0.2668938048359411,0.2668938048359411
isl32768_osl4_c4,0,EXTEND,moe,vllm::moe::topkGatingSoftmax,244,8958.2,36.713934426229514,35.999,38.32,0.44176461970315767,36.759,37.239,37.753,0.21515471774504133,0.21515471774504133
isl32768_osl4_c4,0,EXTEND,other,_triton_mrope_forward_fused,60,6607.253,110.12088333333332,107.16,116.599,2.1266919492900564,109.5995,112.631,116.38719,0.15869054657019013,0.15869054657019013
isl32768_osl4_c4,0,EXTEND,linear_attn,l2norm_fwd_kernel,360,5926.428,16.4623,15.559,18.399,0.5404397971775023,16.399,17.199,17.970200000000006,0.1423387447898361,0.1423387447898361
isl32768_osl4_c4,0,EXTEND,gemm,Cijk_Alik_Bljk_BBS_BH_Bias_HA_S_SAV_UserArgs_MT32x192x128_MI16x16x1_SN_LDSB1_AF…,135,5883.024,43.577955555555555,42.199,45.959,0.6961643941495386,43.439,44.359,45.730999999999995,0.14129628365154873,0.14129628365154873
isl32768_osl4_c4,0,EXTEND,index_copy,at::native::vectorized_elementwise_kernel,384,5490.61,14.298463541666665,2.199,22.0,4.570361528366526,11.8795,18.799,19.8926,0.1318714300638634,0.1318714300638634
isl32768_osl4_c4,0,EXTEND,index_copy,at::native::index_elementwise_kernel,789,4410.031,5.589392902408111,2.879,7.679,0.6335099210360352,5.519,6.367000000000002,7.079,0.10591848530417741,0.10591848530417741
isl32768_osl4_c4,0,EXTEND,activation,_fused_sigmoid_mul_kernel,64,4055.433,63.366140625,60.599,68.919,1.8350864074391253,63.439499999999995,65.4957,68.2638,0.09740188234789646,0.09740188234789646
isl32768_osl4_c4,0,EXTEND,activation,sgl_hip::activation::act_and_mul_kernel,240,3868.977,16.1207375,15.439,17.759,0.42601320260887504,16.119,16.639,16.9034,0.09292365144750694,0.09292365144750694
isl32768_osl4_c4,0,EXTEND,linear_attn,fused_gdn_gating_kernel,180,3272.992,18.18328888888889,16.839,20.319,0.9936173430737104,18.019,19.607,20.20819,0.0786095052512534,0.0786095052512534
isl32768_osl4_c4,0,EXTEND,quant,at::native::vectorized_elementwise_kernel,160,2953.619,18.46011875,6.959,39.279,13.524646427851204,7.799,35.559,38.5434,0.0709389232514781,0.0709389232514781
isl32768_osl4_c4,0,EXTEND,other,chunk_local_cumsum_scalar_kernel,180,2648.631,14.714616666666666,12.599,20.639,1.3955506162893916,14.439,16.691,17.5378,0.06361383483465054,0.06361383483465054
isl32768_osl4_c4,0,EXTEND,norm,_gemma_rmsnorm_kernel,16,2364.119,147.7574375,142.799,161.04,4.575402466359288,146.92000000000002,152.36,160.26,0.05678053137468345,0.05678053137468345
isl32768_osl4_c4,0,EXTEND,gemm,Cijk_Alik_Bljk_BBS_BH_Bias_HA_S_SAV_UserArgs_MT32x224x128_MI16x16x1_SN_LDSB1_AF…,45,2046.2839999999999,45.47297777777778,44.479,47.52,0.5626733465781862,45.439,45.8154,47.396800000000006,0.04914688848721775,0.04914688848721775
isl32768_osl4_c4,0,EXTEND,index_copy,at::native::CatArrayBatchedCopy_contig,16,1797.594,112.349625,2.879,416.841,179.31608272465877,16.7795,414.701,416.841,0.0431739445078453,0.0431739445078453
isl32768_osl4_c4,0,EXTEND,attention,reshape_and_cache_flash,64,1499.945,23.436640625,22.28,26.319,0.8148873983405351,23.219,24.1917,26.2938,0.03602512146503605,0.03602512146503605
isl32768_osl4_c4,0,EXTEND,index_copy,at::native::elementwise_kernel_manual_unroll,232,1365.497,5.885762931034483,2.279,13.039,3.012791688352818,4.319,10.839,12.77451,0.03279599937673871,0.03279599937673871
isl32768_osl4_c4,0,EXTEND,elementwise,at::native::vectorized_elementwise_kernel,312,1239.935,3.974150641025641,1.479,12.08,1.2937532700859573,4.159,4.439,9.399,0.029780297933423877,0.029780297933423877
isl32768_osl4_c4,0,EXTEND,index_copy,at::native::CatArrayBatchedCopy,8,735.876,91.9845,25.759,161.0,69.9529260513301,90.8595,159.6,160.86,0.017673996235331873,0.017673996235331873
isl32768_osl4_c4,0,EXTEND,embedding,_vocab_parallel_embedding_kernel,8,676.357,84.544625,82.8,86.399,1.2765954653463487,84.5395,86.007,86.3598,0.016244491017155555,0.016244491017155555
isl32768_osl4_c4,0,EXTEND,gemm,Cijk_Alik_Bljk_BBS_BH_Bias_HA_S_SAV_UserArgs_MT256x16x128_MI16x16x1_SN_LDSB1_AF…,8,654.5550000000001,81.81937500000001,80.76,82.919,0.8659958656285311,81.96000000000001,82.723,82.8994,0.015720858685182908,0.015720858685182908
isl32768_osl4_c4,0,EXTEND,memcpy,Memcpy DtoD,179,605.305,3.3815921787709495,0.959,7.119,1.038049600547542,3.439,4.399,5.7029999999999985,0.0145379904919138,0.0145379904919138
isl32768_osl4_c4,0,EXTEND,embedding,at::native::vectorized_gather_kernel,83,570.998,6.879493975903615,3.879,11.919,3.224635469560649,4.159,10.911,11.8534,0.013714017718178104,0.013714017718178104
isl32768_osl4_c4,0,EXTEND,elementwise,at::native::reduce_kernel,49,479.234,9.780285714285714,5.599,14.519,3.041163024513264,10.359,13.167,14.403799999999999,0.011510064075799504,0.011510064075799504
isl32768_osl4_c4,0,EXTEND,elementwise,at::native::elementwise_kernel_manual_unroll,52,451.39,8.680576923076924,2.439,20.879,6.600662760383973,5.039,18.431,20.7158,0.010841317233700317,0.010841317233700317
isl32768_osl4_c4,0,EXTEND,moe,_fused_append_shared_experts_with_weights_kernel,4,313.077,78.26925,77.319,79.199,0.7848610811262495,78.2795,78.9833,79.17743,0.007519367012063171,0.007519367012063171
isl32768_osl4_c4,0,EXTEND,other,ROCPRIM_400200_NS::detail::trampoline_kernel,84,293.278,3.491404761904762,1.279,6.559,0.8375451524465349,3.679,4.079,6.393000000000001,0.007043841989554846,0.007043841989554846
isl32768_osl4_c4,0,EXTEND,other,compute_cuda_kernel,16,278.306,17.394125,15.639,19.239,1.045407153537161,17.4795,18.479,19.143,0.006684250058801038,0.006684250058801038
isl32768_osl4_c4,0,EXTEND,comm,aiter::allgather_vec,8,231.672,28.959,23.039,35.719,4.4888687725464695,29.539,33.731,35.5202,0.005564211981137863,0.005564211981137863
isl32768_osl4_c4,0,EXTEND,attention,create_flashinfer_kv_indices_triton,8,227.752,28.469,19.119,30.759,3.8353394336653657,29.698999999999998,30.675,30.7506,0.0054700628782421296,0.0054700628782421296
isl32768_osl4_c4,0,EXTEND,memcpy,Memcpy DtoH,28,105.132,3.754714285714286,2.999,6.119,0.729024861494619,3.479,4.575,5.9462,0.002525021297355683,0.002525021297355683
isl32768_osl4_c4,0,EXTEND,index_copy,at::native::unrolled_elementwise_kernel,24,93.097,3.8790416666666663,1.639,4.599,0.9231609440521127,4.199,4.467700000000001,4.5806000000000004,0.0022359691408888067,0.0022359691408888067
isl32768_osl4_c4,0,EXTEND,memcpy,Memcpy HtoD,19,80.901,4.2579473684210525,2.839,9.439,1.4984061707799992,3.639,5.334999999999999,8.8846,0.001943050146267284,0.001943050146267284
isl32768_osl4_c4,0,EXTEND,elementwise,elementwise_kernel_with_index,36,77.56400000000001,2.1545555555555556,1.719,2.479,0.19094418697536336,2.159,2.399,2.465,0.001862903320664462,0.001862903320664462
isl32768_osl4_c4,0,EXTEND,elementwise,at::native::_scatter_gather_elementwise_kernel,16,65.385,4.0865625,3.719,4.679,0.22253777769178842,4.039,4.319,4.625,0.001570392625723865,0.001570392625723865
isl32768_osl4_c4,0,EXTEND,memset,Memset,8,18.193,2.274125,1.879,3.72,0.6101394307861114,2.0789999999999997,2.7392999999999996,3.62193,0.00043695271147502137,0.00043695271147502137
isl32768_osl4_c4,0,EXTEND,other,ROCPRIM_400200_NS::detail::init_lookback_scan_state_kernel,8,17.432,2.179,1.679,4.159,0.82365041127896,1.899,2.8709999999999996,4.030199999999999,0.0004186752963465383,0.0004186752963465383
isl32768_osl4_c4,0,EXTEND,kv_cache,_fused_slot_clear_kernel,3,17.357,5.785666666666667,4.999,6.999,1.0660831737408358,5.359,6.670999999999999,6.9662,0.0004168739742248087,0.0004168739742248087
isl32768_osl4_c8,0,EXTEND,activation,sgl_hip::activation::act_and_mul_kernel,480,2694984.2819999997,5614.550587499999,15.159,541587.73,54626.71783036578,15.819500000000001,16.443900000000003,112166.70171998907,31.439662893694884,31.439662893694884
isl32768_osl4_c8,0,EXTEND,comm,quickreduce::allreduce_prototype_twoshot,992,1693499.603,1707.156857862903,1538.807,4202.822,113.83945310777757,1687.6680000000001,1797.62,1959.0664000000002,19.756351450559634,19.756351450559634
isl32768_osl4_c8,0,EXTEND,gemm,Cijk_Alik_Bljk_BBS_BH_Bias_HA_S_SAV_UserArgs_MT256x256x64_MI16x16x1_CMS_SN_LDSB…,2432,857373.463,352.5384305098684,99.559,1598.448,349.62726203193284,109.93950000000001,1009.5921000000001,1020.75229,10.002111266754982,10.002111266754982
isl32768_osl4_c8,0,EXTEND,other,chunk_fwd_kernel_o,360,632182.62,1756.0628333333334,191.4,560176.266,29513.310457153348,201.08,203.6089,205.1528,7.375036876023166,7.375036876023166
isl32768_osl4_c8,0,EXTEND,linear_attn,chunk_gated_delta_rule_fwd_kernel_h_blockdim64,360,460511.146,1279.1976277777778,1198.645,1365.727,25.92183749011329,1282.466,1309.9941,1335.83681,5.3723189725932174,5.3723189725932174
isl32768_osl4_c8,0,EXTEND,moe,mfma_moe2_afp4_wfp4_bf16_cshuffle_t64x256x256_vscale_fix3_fp4opt_v1_persist_cu2…,480,357129.888,744.0206,654.522,799.044,31.76044959088965,754.2429999999999,778.4110000000001,794.723,4.16627412745074,4.16627412745074
isl32768_osl4_c8,0,EXTEND,moe,moe_reduction_kernel_0,480,270068.92,562.6435833333333,529.122,586.562,10.02281954574073,563.462,574.2940000000001,580.7316,3.150621641682826,3.150621641682826
isl32768_osl4_c8,0,EXTEND,index_copy,at::native::index_elementwise_kernel,1594,260541.723,163.4515200752823,2.759,251676.703,6303.608850984987,5.519,6.399,7.002729999999998,3.0394774454059066,3.0394774454059066
isl32768_osl4_c8,0,EXTEND,attention,aiter::fmha_fwd_hd256_fp8_causal_group_gfx950,128,260473.966,2034.952859375,1577.008,3200.216,481.76271819283295,1798.6284999999998,2832.8503,3088.2580000000003,3.038686992840778,3.038686992840778
isl32768_osl4_c8,0,EXTEND,moe,mfma_moe1_silu_mul_afp4_wfp4_bf16_t128x128x256_pm1_async_xcd4_v32,480,234052.454,487.6092791666667,442.681,514.762,11.476566760978193,488.482,501.458,508.0272,2.730453866595883,2.730453866595883
isl32768_osl4_c8,0,EXTEND,norm,_gemma_fused_add_rmsnorm_kernel,976,177854.784,182.22826229508198,167.16,195.36,4.282890732018854,182.44,187.27949999999998,191.60000000000002,2.07485234342117,2.07485234342117
isl32768_osl4_c8,0,EXTEND,linear_attn,_fused_gate_sigmoid_mul_add_kernel,480,87022.636,181.29715833333333,169.96,193.52,3.728433829143546,180.89999999999998,186.48,189.882,1.015205304993581,1.015205304993581
isl32768_osl4_c8,0,EXTEND,linear_attn,_causal_conv1d_fwd_kernel,360,82420.487,228.9457972222222,185.88,345.001,58.75191204257042,196.2405,329.9529,343.61940000000004,0.9615166752999124,0.9615166752999124
isl32768_osl4_c8,0,EXTEND,moe,ck::kernel_moe_gemm_2lds,16,50282.858,3142.678625,1653.727,4576.424,1394.2693098835616,3153.2365,4552.784,4573.034,0.5865993784862932,0.5865993784862932
isl32768_osl4_c8,0,EXTEND,quant,aiter::dynamic_per_group_scaled_quant_kernel,960,48326.672,50.34028333333333,32.919,73.32,15.391921488304197,50.519000000000005,67.12790000000001,71.58959999999998,0.5637785298423361,0.5637785298423361
isl32768_osl4_c8,0,EXTEND,linear_attn,chunk_gated_delta_rule_fwd_kkt_solve_kernel,360,48048.217,133.46726944444444,120.399,157.319,9.28327928067252,133.9995,147.852,154.64800000000002,0.5605300762652461,0.5605300762652461
isl32768_osl4_c8,0,EXTEND,elementwise,fused_qkvzba_split_reshape_cat_contiguous_kernel,360,47899.219,133.0533861111111,123.599,140.36,2.9352148319256055,133.2,136.407,139.6328,0.5587918669097696,0.5587918669097696
isl32768_osl4_c8,0,EXTEND,linear_attn,recompute_w_u_fwd_kernel,360,45793.939,127.20538611111111,119.639,137.6,2.4827931398515846,127.45949999999999,130.0039,132.82559999999998,0.5342316889751816,0.5342316889751816
isl32768_osl4_c8,0,EXTEND,norm,_fused_qk_gemma_rmsnorm_gate_kernel,128,32640.695,255.0054296875,243.48,288.16,6.222963140416773,254.68,256.761,277.0758,0.3807860603381108,0.3807860603381108
isl32768_osl4_c8,0,EXTEND,moe,aiter::opus_moe_sorting_entry,1952,30170.335,15.456114241803279,4.319,106.799,17.213625526246016,6.079,42.88,62.153400000000005,0.3519668623395126,0.3519668623395126
isl32768_osl4_c8,0,EXTEND,moe,aiter::mxfp4_moe_sort_kernel,960,27588.772,28.73830416666667,6.959,54.079,21.23822972429389,27.579,51.439,53.57581,0.3218503711225016,0.3218503711225016
isl32768_osl4_c8,0,EXTEND,norm,_layer_norm_fwd_1pass_kernel,360,26437.017,73.43615833333334,69.56,77.639,1.4205120011229204,73.48,75.4439,76.8554,0.30841400743831165,0.30841400743831165
isl32768_osl4_c8,0,EXTEND,linear_attn,fused_qkv_split_gdn_prefill_kernel,360,22213.563,61.704341666666664,58.12,67.44,1.4337678228523567,61.5995,63.399,66.13581,0.2591432302787188,0.2591432302787188
isl32768_osl4_c8,0,EXTEND,moe,vllm::moe::topkGatingSoftmax,488,17865.435,36.60949795081967,35.679,39.119,0.4249240589186997,36.519,37.0793,37.6494,0.2084180073333793,0.2084180073333793
isl32768_osl4_c8,0,EXTEND,gemm,Cijk_Alik_Bljk_BBS_BH_Bias_HA_S_SAV_UserArgs_MT32x192x128_MI16x16x1_SN_LDSB1_AF…,315,13731.041,43.59060634920635,42.319,46.799,0.6805534540219562,43.44,44.679,45.74794,0.1601862033492569,0.1601862033492569
isl32768_osl4_c8,0,EXTEND,other,_triton_mrope_forward_fused,120,13198.666,109.98888333333333,104.079,120.44,3.0822425868879595,109.52000000000001,114.6039,118.57719999999999,0.15397552128894837,0.15397552128894837
isl32768_osl4_c8,0,EXTEND,linear_attn,l2norm_fwd_kernel,720,11842.754,16.448269444444445,15.319,18.76,0.589626847094594,16.359,17.199,18.143799999999995,0.1381574638411775,0.1381574638411775
isl32768_osl4_c8,0,EXTEND,index_copy,at::native::vectorized_elementwise_kernel,768,10982.013,14.299496093750001,2.079,20.359,4.5470084828819735,11.999,18.76,20.052200000000003,0.12811606691744515,0.12811606691744515
isl32768_osl4_c8,0,EXTEND,activation,_fused_sigmoid_mul_kernel,128,8134.635,63.5518359375,59.56,68.119,1.9930783248763697,63.919,65.8793,67.67087000000001,0.09489858025199856,0.09489858025199856
isl32768_osl4_c8,0,EXTEND,linear_attn,fused_gdn_gating_kernel,360,6547.59,18.18775,16.919,20.679,0.9550676265632679,18.039,19.559,20.288200000000003,0.07638412726227829,0.07638412726227829
isl32768_osl4_c8,0,EXTEND,quant,at::native::vectorized_elementwise_kernel,320,5905.834,18.45573125,6.879,40.919,13.54005107056018,7.759,35.639,39.0718,0.06889740741950703,0.06889740741950703
isl32768_osl4_c8,0,EXTEND,other,chunk_local_cumsum_scalar_kernel,360,5269.983,14.638841666666668,12.719,19.839,1.3880743299024942,14.539,16.643,17.5682,0.06147957525471864,0.06147957525471864
isl32768_osl4_c8,0,EXTEND,norm,_gemma_rmsnorm_kernel,32,4740.075,148.12734375,142.24,159.84,4.721669330345034,147.10000000000002,156.692,159.82729,0.055297673194678314,0.055297673194678314
isl32768_osl4_c8,0,EXTEND,index_copy,at::native::CatArrayBatchedCopy_contig,32,3617.388,113.043375,2.879,422.002,177.4258860187325,16.8795,418.5971,421.00969000000003,0.042200416542428336,0.042200416542428336
isl32768_osl4_c8,0,EXTEND,attention,reshape_and_cache_flash,128,3008.651,23.5050859375,21.959,27.159,0.9598794135825534,23.159,24.719,26.378600000000002,0.0350988960627927,0.0350988960627927
isl32768_osl4_c8,0,EXTEND,index_copy,at::native::elementwise_kernel_manual_unroll,509,2894.705,5.687043222003929,1.079,13.319,2.822924701122387,4.279,10.719,12.7158,0.033769603030543036,0.033769603030543036
isl32768_osl4_c8,0,EXTEND,elementwise,at::native::vectorized_elementwise_kernel,624,2500.987,4.007991987179487,1.479,10.8,1.2183565733821886,4.199,4.479,9.3898,0.029176492310804988,0.029176492310804988
isl32768_osl4_c8,0,EXTEND,gemm,Cijk_Alik_Bljk_BBS_BH_Bias_HA_S_SAV_UserArgs_MT32x224x128_MI16x16x1_SN_LDSB1_AF…,45,2005.049,44.556644444444444,43.4,46.559,0.6542213329793303,44.4,45.4634,46.4182,0.023390883971522933,0.023390883971522933
isl32768_osl4_c8,0,EXTEND,index_copy,at::native::CatArrayBatchedCopy,16,1473.873,92.1170625,25.36,161.8,67.93175785003531,91.4595,159.24,161.494,0.01719418943465243,0.01719418943465243
isl32768_osl4_c8,0,EXTEND,embedding,_vocab_parallel_embedding_kernel,16,1349.791,84.3619375,79.96,87.519,2.216321711567769,84.28,86.9995,87.453,0.015746649915690795,0.015746649915690795
isl32768_osl4_c8,0,EXTEND,gemm,Cijk_Alik_Bljk_BBS_BH_Bias_HA_S_SAV_UserArgs_MT256x16x128_MI16x16x1_SN_LDSB1_AF…,16,1310.748,81.92175,78.719,87.399,2.374811753943178,81.73949999999999,84.959,87.099,0.015291174621620591,0.015291174621620591
isl32768_osl4_c8,0,EXTEND,memcpy,Memcpy DtoD,342,1169.622,3.419947368421053,0.639,7.759,1.00379575368217,3.479,4.439,6.501189999999994,0.013644799948799554,0.013644799948799554
isl32768_osl4_c8,0,EXTEND,embedding,at::native::vectorized_gather_kernel,166,1155.005,6.957861445783133,3.599,12.039,3.271895045191241,4.2195,11.2195,11.919,0.013474278155560711,0.013474278155560711
isl32768_osl4_c8,0,EXTEND,elementwise,at::native::reduce_kernel,114,1085.294,9.520122807017545,5.319,15.519,3.0046952406541583,10.019,13.3873,14.2582,0.012661030243644924,0.012661030243644924
isl32768_osl4_c8,0,EXTEND,elementwise,at::native::elementwise_kernel_manual_unroll,104,903.898,8.691326923076923,2.439,21.599,6.511904407951428,5.019,18.359,19.78317,0.010544866105562326,0.010544866105562326
isl32768_osl4_c8,0,EXTEND,moe,_fused_append_shared_experts_with_weights_kernel,8,630.036,78.7545,76.879,81.439,1.3393474957178624,78.43950000000001,80.1797,81.31307,0.007349994426012741,0.007349994426012741
isl32768_osl4_c8,0,EXTEND,other,ROCPRIM_400200_NS::detail::trampoline_kernel,168,578.034,3.4406785714285713,0.679,6.479,0.772473779733908,3.539,4.199,5.515400000000013,0.0067433395520983715,0.0067433395520983715
isl32768_osl4_c8,0,EXTEND,other,compute_cuda_kernel,32,546.372,17.074125,15.239,20.439,1.5951058565337868,17.039,19.479,20.37731,0.006373970939008935,0.006373970939008935
isl32768_osl4_c8,0,EXTEND,comm,aiter::allgather_vec,16,507.267,31.7041875,26.759,37.759,3.4628798461925685,31.019,36.439,37.699,0.005917772353484889,0.005917772353484889
isl32768_osl4_c8,0,EXTEND,attention,create_flashinfer_kv_indices_triton,16,476.026,29.751625,21.519,32.159,2.4425343634566676,29.859,31.7195,32.11715,0.005553315122686865,0.005553315122686865
isl32768_osl4_c8,0,EXTEND,memcpy,Memcpy DtoH,56,228.224,4.075428571428572,2.919,6.719,0.7889519597574969,3.9989999999999997,5.039,6.477000000000001,0.002662459173574735,0.002662459173574735
isl32768_osl4_c8,0,EXTEND,index_copy,at::native::unrolled_elementwise_kernel,48,186.633,3.8881875000000004,1.639,4.559,0.8431938939645789,4.239,4.399,4.5214,0.0021772589339498633,0.0021772589339498633
isl32768_osl4_c8,0,EXTEND,memcpy,Memcpy HtoD,39,168.202,4.3128717948717945,2.319,8.759,1.5542185069485661,3.719,7.023,8.7134,0.001962243050308546,0.001962243050308546
isl32768_osl4_c8,0,EXTEND,elementwise,elementwise_kernel_with_index,72,153.929,2.1379027777777777,1.599,2.559,0.2190746968708998,2.159,2.359,2.5306,0.0017957343580394063,0.0017957343580394063
isl32768_osl4_c8,0,EXTEND,elementwise,at::native::_scatter_gather_elementwise_kernel,32,137.12800000000001,4.2852500000000004,3.399,4.759,0.3577866547575256,4.399,4.635000000000001,4.759,0.0015997340400394188,0.0015997340400394188
isl32768_osl4_c8,0,EXTEND,kv_cache,_fused_slot_clear_kernel,7,38.073,5.439,3.999,6.599,0.8956189665998222,5.879,6.239,6.563,0.00044415928261493494,0.00044415928261493494
isl32768_osl4_c8,0,EXTEND,memset,Memset,16,33.144,2.0715,1.799,2.399,0.16278820596099705,2.059,2.259,2.387,0.0003866576120344969,0.0003866576120344969
isl32768_osl4_c8,0,EXTEND,other,ROCPRIM_400200_NS::detail::init_lookback_scan_state_kernel,16,31.504,1.969,1.759,2.319,0.18618986725025255,1.919,2.239,2.307,0.0003675253864812573,0.0003675253864812573
