run,phase,category,kernel,ranks,calls_per_rank,total_us_per_rank,mean_us,max_us,total_us_all_ranks,pct_of_run
1788266656.4728987,EXTEND,comm,quickreduce::allreduce_prototype_twoshot,1.0,248.0,305125.444,1230.3445322580646,2581.531,305125.444,23.026403819825084
1788266656.4728987,EXTEND,comm,aiter::cross_device_reduce_2stage,1.0,248.0,150661.504,607.506064516129,1692.487,150661.504,11.36972579450369
1788266656.4728987,EXTEND,gemm,Cijk_Alik_Bljk_BBS_BH_Bias_HA_S_SAV_UserArgs_MT256x240x64_MI16x16x1_SN_LDSB0_AF…,1.0,244.0,124682.002,510.9918114754098,1240.605,124682.002,9.409173123943864
1788266656.4728987,EXTEND,gemm,Cijk_Alik_Bljk_BBS_BH_Bias_HA_S_SAV_UserArgs_MT32x32x512_MI16x16x1_SN_LDSB0_AFC…,1.0,90.0,105411.60800000001,1171.240088888889,103849.049,105411.60800000001,7.954925755405387
1788266656.4728987,EXTEND,moe,mfma_moe2_afp4_wfp4_bf16_cshuffle_t64x256x256_vscale_fix3_fp4opt_v1_persist_cu2…,1.0,240.0,88449.397,368.53915416666666,565.522,88449.397,6.6748662656334385
1788266656.4728987,EXTEND,moe,moe_reduction_kernel_0,1.0,240.0,62787.761,261.61567083333335,411.001,62787.761,4.738301469636417
1788266656.4728987,EXTEND,linear_attn,chunk_gated_delta_rule_fwd_kernel_h_blockdim64,1.0,180.0,55446.278,308.03487777777775,375.961,55446.278,4.1842737557287535
1788266656.4728987,EXTEND,moe,mfma_moe1_silu_mul_afp4_wfp4_bf16_t128x128x256_pm1_async_xcd4_v32,1.0,120.0,46172.034,384.76695,395.001,46172.034,3.484389522319527
1788266656.4728987,EXTEND,norm,_gemma_fused_add_rmsnorm_kernel,1.0,488.0,42364.055,86.8115881147541,136.159,42364.055,3.197018986968782
1788266656.4728987,EXTEND,gemm,Cijk_Alik_Bljk_BBS_BH_Bias_HA_S_SAV_UserArgs_MT256x256x64_MI16x16x1_CMS_SN_LDSB…,1.0,306.0,39287.277,128.38979411764706,1146.524,39287.277,2.9648288039306423
1788266656.4728987,EXTEND,gemm,Cijk_Alik_Bljk_BBS_BH_Bias_HA_S_SAV_UserArgs_MT256x208x64_MI16x16x1_SN_LDSB1_AF…,1.0,150.0,30651.149,204.34099333333333,292.881,30651.149,2.3131002290835756
1788266656.4728987,EXTEND,gemm,Cijk_Alik_Bljk_BBS_BH_Bias_HA_S_SAV_UserArgs_MT256x192x64_MI16x16x1_SN_LDSB0_AF…,1.0,274.0,29138.248,106.34397080291971,254.32,29138.248,2.19892859885592
1788266656.4728987,EXTEND,attention,aiter::fmha_fwd_hd256_fp8_causal_group_gfx950,1.0,64.0,20414.029,318.969203125,486.281,20414.029,1.5405522043046005
1788266656.4728987,EXTEND,linear_attn,_fused_gate_sigmoid_mul_add_kernel,1.0,240.0,19740.767,82.25319583333334,132.08,19740.767,1.4897442399299774
1788266656.4728987,EXTEND,moe,mfma_moe1_silu_mul_afp4_wfp4_bf16_t64x128x256_pm1_async_xcd4_v32,1.0,120.0,19514.249,162.61874166666666,175.24,19514.249,1.4726499757739566
1788266656.4728987,EXTEND,other,chunk_fwd_kernel_o,1.0,180.0,17959.104,99.77279999999999,157.44,17959.104,1.355290386554049
1788266656.4728987,EXTEND,linear_attn,_causal_conv1d_fwd_kernel,1.0,180.0,15929.056,88.49475555555556,141.199,15929.056,1.202092067827053
1788266656.4728987,EXTEND,linear_attn,chunk_gated_delta_rule_fwd_kkt_solve_kernel,1.0,180.0,13334.887,74.08270555555556,104.52,13334.887,1.0063221504193396
1788266656.4728987,EXTEND,moe,ck::kernel_moe_gemm_2lds,1.0,8.0,12457.248,1557.156,3200.334,12457.248,0.9400908005944872
1788266656.4728987,EXTEND,quant,aiter::dynamic_per_group_scaled_quant_kernel,1.0,480.0,12326.109,25.67939375,66.999,12326.109,0.9301943477423678
1788266656.4728987,EXTEND,gemm,Cijk_Alik_Bljk_BBS_BH_Bias_HA_S_SAV_UserArgs_MT128x128x256_MI16x16x1_SN_LDSB1_A…,1.0,242.0,11672.773,48.23459917355372,52.199,11672.773,0.8808901062841257
1788266656.4728987,EXTEND,elementwise,fused_qkvzba_split_reshape_cat_contiguous_kernel,1.0,180.0,10918.665,60.65925000000001,99.079,10918.665,0.8239810687940873
1788266656.4728987,EXTEND,linear_attn,recompute_w_u_fwd_kernel,1.0,180.0,10529.251,58.49583888888889,89.519,10529.251,0.7945937981045497
1788266656.4728987,EXTEND,moe,aiter::opus_moe_sorting_entry,1.0,976.0,9127.892,9.352348360655737,77.679,9127.892,0.6888397259185989
1788266656.4728987,EXTEND,norm,_fused_qk_gemma_rmsnorm_gate_kernel,1.0,64.0,7216.442,112.75690625,197.36,7216.442,0.5445914488676538
1788266656.4728987,EXTEND,moe,aiter::mxfp4_moe_sort_kernel,1.0,480.0,7012.597,14.609577083333333,41.399,7012.597,0.5292082109930298
1788266656.4728987,EXTEND,norm,_layer_norm_fwd_1pass_kernel,1.0,180.0,6802.602,37.792233333333336,58.159,6802.602,0.513360861107177
1788266656.4728987,EXTEND,memcpy,Memcpy DtoD,1.0,330.0,5603.974,16.981739393939396,27.999,5603.974,0.4229059583762554
1788266656.4728987,EXTEND,moe,vllm::moe::topkGatingSoftmax,1.0,244.0,5597.021,22.938610655737705,30.079,5597.021,0.4223812476747799
1788266656.4728987,EXTEND,linear_attn,fused_qkv_split_gdn_prefill_kernel,1.0,180.0,5330.276,29.612644444444445,45.839,5330.276,0.4022512381731166
1788266656.4728987,EXTEND,index_copy,at::native::index_elementwise_kernel,1.0,710.0,4055.591,5.7120999999999995,9.879,4055.591,0.30605666597259656
1788266656.4728987,EXTEND,index_copy,at::native::vectorized_elementwise_kernel,1.0,368.0,3517.053,9.557209239130435,17.36,3517.053,0.2654156977932239
1788266656.4728987,EXTEND,other,_triton_mrope_forward_fused,1.0,60.0,3170.764,52.846066666666665,80.799,3170.764,0.2392828710848639
1788266656.4728987,EXTEND,linear_attn,l2norm_fwd_kernel,1.0,360.0,3064.208,8.511688888888889,13.319,3064.208,0.23124158336640904
1788266656.4728987,EXTEND,gemm,Cijk_Alik_Bljk_BBS_BH_Bias_HA_S_SAV_UserArgs_MT32x96x256_MI16x16x1_SN_LDSB1_AFC…,1.0,90.0,2765.64,30.729333333333333,32.039,2765.64,0.20871003946908157
1788266656.4728987,EXTEND,activation,sgl_hip::activation::act_and_mul_kernel,1.0,240.0,2247.286,9.363691666666666,12.839,2247.286,0.16959226427095156
1788266656.4728987,EXTEND,activation,_fused_sigmoid_mul_kernel,1.0,64.0,1999.26,31.2384375,49.719,1999.26,0.15087489098688045
1788266656.4728987,EXTEND,quant,at::native::vectorized_elementwise_kernel,1.0,192.0,1889.094,9.83903125,28.079,1889.094,0.14256117329110266
1788266656.4728987,EXTEND,linear_attn,fused_gdn_gating_kernel,1.0,180.0,1806.429,10.035716666666668,16.439,1806.429,0.13632282867187834
1788266656.4728987,EXTEND,other,chunk_local_cumsum_scalar_kernel,1.0,180.0,1602.355,8.901972222222222,12.959,1602.355,0.12092230922805579
1788266656.4728987,EXTEND,norm,_gemma_rmsnorm_kernel,1.0,16.0,1099.309,68.7068125,109.039,1099.309,0.08295975787836327
1788266656.4728987,EXTEND,elementwise,at::native::vectorized_elementwise_kernel,1.0,248.0,940.874,3.7938467741935487,8.839,940.874,0.07100340235006461
1788266656.4728987,EXTEND,index_copy,at::native::CatArrayBatchedCopy_contig,1.0,16.0,837.226,52.326625,288.16,837.226,0.06318156792082169
1788266656.4728987,EXTEND,attention,reshape_and_cache_flash,1.0,64.0,798.301,12.473453125,18.64,798.301,0.060244078483897866
1788266656.4728987,EXTEND,index_copy,at::native::elementwise_kernel_manual_unroll,1.0,112.0,701.57,6.264017857142858,11.959,701.57,0.052944238002893926
1788266656.4728987,EXTEND,gemm,Cijk_Alik_Bljk_BBS_BH_Bias_HA_S_SAV_UserArgs_MT256x16x128_MI16x16x1_SN_LDSB1_AF…,1.0,8.0,654.795,81.849375,86.76,654.795,0.04941434542968617
1788266656.4728987,EXTEND,embedding,at::native::vectorized_gather_kernel,1.0,98.0,448.583,4.577377551020408,8.479,448.583,0.03385248102976491
1788266656.4728987,EXTEND,embedding,_vocab_parallel_embedding_kernel,1.0,8.0,375.194,46.89925,70.359,375.194,0.02831415316113543
1788266656.4728987,EXTEND,index_copy,at::native::CatArrayBatchedCopy,1.0,8.0,349.714,43.71425,107.92,349.714,0.02639129559266224
1788266656.4728987,EXTEND,elementwise,at::native::elementwise_kernel_manual_unroll,1.0,52.0,312.629,6.012096153846154,15.999,312.629,0.023592662432268662
1788266656.4728987,EXTEND,other,ROCPRIM_400200_NS::detail::trampoline_kernel,1.0,52.0,177.55,3.414423076923077,6.399,177.55,0.013398876031491962
1788266656.4728987,EXTEND,moe,_fused_append_shared_experts_with_weights_kernel,1.0,4.0,148.238,37.0595,57.6,148.238,0.011186835174070996
1788266656.4728987,EXTEND,memcpy,Memcpy DtoH,1.0,28.0,126.013,4.500464285714286,6.319,126.013,0.00950961737739452
1788266656.4728987,EXTEND,comm,aiter::allgather_vec,1.0,8.0,112.952,14.119,22.039,112.952,0.008523964210132809
1788266656.4728987,EXTEND,memcpy,Memcpy HtoD,1.0,20.0,85.941,4.2970500000000005,8.239,85.941,0.0064855691637423305
1788266656.4728987,EXTEND,attention,create_flashinfer_kv_indices_triton,1.0,8.0,67.753,8.469125,9.719,67.753,0.005113005056387919
1788266656.4728987,EXTEND,kv_cache,_fused_slot_clear_kernel,1.0,4.0,25.357,6.33925,7.279,25.357,0.0019135753282486156
1788266656.4728987,EXTEND,index_copy,at::native::unrolled_elementwise_kernel,1.0,8.0,18.991999999999997,2.3739999999999997,4.079,18.991999999999997,0.001433238262968715
1788266656.4728987,EXTEND,memset,Memset,1.0,8.0,15.592,1.949,2.119,15.592,0.0011766560128584776
1788266656.4728987,EXTEND,elementwise,at::native::reduce_kernel,1.0,2.0,12.758,6.379,7.159,12.758,0.0009627871608548266
1788266656.4728987,EXTEND,other,ROCPRIM_400200_NS::detail::init_lookback_scan_state_kernel,1.0,8.0,12.632,1.579,2.199,12.632,0.0009532785245272119
1788266656.4728987,EXTEND,elementwise,elementwise_kernel_with_index,1.0,4.0,7.795999999999999,1.9489999999999998,2.679,7.795999999999999,0.0005883280064292387
1788267123.4024477,EXTEND,elementwise,at::native::vectorized_elementwise_kernel,1.0,250.0,828980.333,3315.921332,482627.55,828980.333,40.30393741344883
1788267123.4024477,EXTEND,comm,quickreduce::allreduce_prototype_twoshot,1.0,248.0,368084.823,1484.2129959677418,4279.459,368084.823,17.895801719861055
1788267123.4024477,EXTEND,gemm,Cijk_Alik_Bljk_BBS_BH_Bias_HA_S_SAV_UserArgs_MT256x256x64_MI16x16x1_CMS_SN_LDSB…,1.0,426.0,133480.235,313.3338849765258,1604.526,133480.235,6.489634100128213
1788267123.4024477,EXTEND,moe,mfma_moe2_afp4_wfp4_bf16_cshuffle_t64x256x256_vscale_fix3_fp4opt_v1_persist_cu2…,1.0,180.0,88597.802,492.2100111111111,801.683,88597.802,4.307509026003794
1788267123.4024477,EXTEND,norm,_layer_norm_fwd_1pass_kernel,1.0,135.0,85200.979,631.118362962963,78582.562,85200.979,4.142359943273308
1788267123.4024477,EXTEND,moe,moe_reduction_kernel_0,1.0,180.0,63468.27,352.6015,579.802,63468.27,3.085744112363486
1788267123.4024477,EXTEND,comm,aiter::cross_device_reduce_2stage,1.0,124.0,58631.471,472.83444354838707,819.963,58631.471,2.8505852835985674
1788267123.4024477,EXTEND,moe,mfma_moe1_silu_mul_afp4_wfp4_bf16_t128x128x256_pm1_async_xcd4_v32,1.0,120.0,52945.221,441.210175,508.041,52945.221,2.574127260417427
1788267123.4024477,EXTEND,gemm,Cijk_Alik_Bljk_BBS_BH_Bias_HA_S_SAV_UserArgs_MT256x240x64_MI16x16x1_SN_LDSB0_AF…,1.0,61.0,49504.657,811.5517540983607,842.563,49504.657,2.4068515475894308
1788267123.4024477,EXTEND,linear_attn,chunk_gated_delta_rule_fwd_kernel_h_blockdim64,1.0,135.0,42900.703,317.78298518518517,429.521,42900.703,2.0857759585774835
1788267123.4024477,EXTEND,norm,_gemma_fused_add_rmsnorm_kernel,1.0,366.0,42361.401,115.74153278688524,200.4,42361.401,2.0595558020916385
1788267123.4024477,EXTEND,linear_attn,_fused_gate_sigmoid_mul_add_kernel,1.0,180.0,20612.356,114.51308888888889,193.08,20612.356,1.0021457362701107
1788267123.4024477,EXTEND,attention,aiter::fmha_fwd_hd256_fp8_causal_group_gfx950,1.0,48.0,19270.684,401.4725833333334,567.242,19270.684,0.9369154018884907
1788267123.4024477,EXTEND,other,chunk_fwd_kernel_o,1.0,135.0,17521.03,129.7854074074074,215.68,17521.03,0.8518495173264374
1788267123.4024477,EXTEND,linear_attn,_causal_conv1d_fwd_kernel,1.0,135.0,16541.939,122.53288148148147,207.479,16541.939,0.8042473960031671
1788267123.4024477,EXTEND,gemm,Cijk_Alik_Bljk_BBS_BH_Bias_HA_S_SAV_UserArgs_MT256x192x64_MI16x16x1_SN_LDSB0_AF…,1.0,137.0,13569.086,99.04442335766423,175.8,13569.086,0.6597111790608725
1788267123.4024477,EXTEND,linear_attn,chunk_gated_delta_rule_fwd_kkt_solve_kernel,1.0,135.0,12407.252,91.90557037037037,147.44,12407.252,0.6032243325619255
1788267123.4024477,EXTEND,moe,ck::kernel_moe_gemm_2lds,1.0,6.0,12310.57,2051.7616666666668,4559.74,12310.57,0.5985237804234865
1788267123.4024477,EXTEND,quant,aiter::dynamic_per_group_scaled_quant_kernel,1.0,360.0,11567.689,32.132469444444446,69.559,11567.689,0.5624058797475
1788267123.4024477,EXTEND,elementwise,fused_qkvzba_split_reshape_cat_contiguous_kernel,1.0,135.0,11284.872,83.59164444444444,139.56,11284.872,0.5486556878385933
1788267123.4024477,EXTEND,linear_attn,recompute_w_u_fwd_kernel,1.0,135.0,10700.389,79.26214074074073,132.08,10700.389,0.5202388903423554
1788267123.4024477,EXTEND,gemm,Cijk_Alik_Bljk_BBS_BH_Bias_HA_S_SAV_UserArgs_MT256x224x64_MI16x16x1_SN_LDSB1_AF…,1.0,45.0,8504.672,188.99271111111113,192.36,8504.672,0.4134860072849409
1788267123.4024477,EXTEND,moe,mfma_moe1_silu_mul_afp4_wfp4_bf16_t64x128x256_pm1_async_xcd4_v32,1.0,60.0,8303.663,138.39438333333334,150.08,8303.663,0.40371321312681946
1788267123.4024477,EXTEND,moe,aiter::opus_moe_sorting_entry,1.0,732.0,8045.193,10.990700819672131,104.64,8045.193,0.39114674045121967
1788267123.4024477,EXTEND,gemm,Cijk_Alik_Bljk_BBS_BH_Bias_HA_S_SAV_UserArgs_MT256x176x64_MI16x16x1_SN_LDSB0_AF…,1.0,122.0,7696.194,63.08355737704918,322.361,7696.194,0.37417886643368703
1788267123.4024477,EXTEND,norm,_fused_qk_gemma_rmsnorm_gate_kernel,1.0,48.0,7566.785,157.64135416666667,282.241,7566.785,0.3678871704439138
1788267123.4024477,EXTEND,moe,aiter::mxfp4_moe_sort_kernel,1.0,360.0,6962.541,19.34039166666667,52.239,6962.541,0.33850961902442556
1788267123.4024477,EXTEND,linear_attn,fused_qkv_split_gdn_prefill_kernel,1.0,135.0,5294.369,39.21754814814815,66.279,5294.369,0.25740528252038
1788267123.4024477,EXTEND,moe,vllm::moe::topkGatingSoftmax,1.0,183.0,5036.489,27.52179781420765,37.959,5036.489,0.24486749487158638
1788267123.4024477,EXTEND,gemm,Cijk_Alik_Bljk_BBS_BH_Bias_HA_S_SAV_UserArgs_MT128x96x128_MI16x16x1_SN_LDSB0_AF…,1.0,121.0,4830.103,39.91820661157025,43.679,4830.103,0.23483327802001236
1788267123.4024477,EXTEND,index_copy,at::native::index_elementwise_kernel,1.0,541.0,3216.201,5.944918669131239,13.84,3216.201,0.15636747779524407
1788267123.4024477,EXTEND,index_copy,at::native::vectorized_elementwise_kernel,1.0,292.0,3182.282,10.89822602739726,21.119,3182.282,0.1547183804660234
1788267123.4024477,EXTEND,other,_triton_mrope_forward_fused,1.0,45.0,3135.212,69.67137777777778,112.919,3135.212,0.152429898751161
1788267123.4024477,EXTEND,linear_attn,l2norm_fwd_kernel,1.0,270.0,2991.507,11.079655555555556,18.679,2991.507,0.14544314997626617
1788267123.4024477,EXTEND,memcpy,Memcpy DtoD,1.0,281.0,2271.051,8.08203202846975,17.76,2271.051,0.11041552341236349
1788267123.4024477,EXTEND,activation,sgl_hip::activation::act_and_mul_kernel,1.0,180.0,2114.233,11.74573888888889,73.999,2114.233,0.10279123776202803
1788267123.4024477,EXTEND,gemm,Cijk_Alik_Bljk_BBS_BH_Bias_HA_S_SAV_UserArgs_MT32x192x128_MI16x16x1_SN_LDSB1_AF…,1.0,45.0,1981.1680000000001,44.025955555555555,45.799,1981.1680000000001,0.0963217918434352
1788267123.4024477,EXTEND,activation,_fused_sigmoid_mul_kernel,1.0,48.0,1964.242,40.921708333333335,67.759,1964.242,0.09549887190492316
1788267123.4024477,EXTEND,linear_attn,fused_gdn_gating_kernel,1.0,135.0,1703.4759999999999,12.61834074074074,20.479,1703.4759999999999,0.08282077071822662
1788267123.4024477,EXTEND,quant,at::native::vectorized_elementwise_kernel,1.0,112.0,1602.333,14.306544642857144,38.599,1602.333,0.07790333060591886
1788267123.4024477,EXTEND,other,chunk_local_cumsum_scalar_kernel,1.0,135.0,1463.507,10.840792592592592,16.919,1463.507,0.07115379241710462
1788267123.4024477,EXTEND,gemm,Cijk_Alik_Bljk_BBS_BH_Bias_HA_S_SAV_UserArgs_MT32x96x256_MI16x16x1_SN_LDSB1_AFC…,1.0,45.0,1381.798,30.706622222222222,31.959,1381.798,0.06718120791658004
1788267123.4024477,EXTEND,norm,_gemma_rmsnorm_kernel,1.0,12.0,1104.433,92.03608333333334,154.28,1104.433,0.05369608510283866
1788267123.4024477,EXTEND,index_copy,at::native::CatArrayBatchedCopy_contig,1.0,12.0,829.1519999999999,69.09599999999999,400.201,829.1519999999999,0.04031228363801958
1788267123.4024477,EXTEND,index_copy,at::native::elementwise_kernel_manual_unroll,1.0,117.0,803.847,6.87048717948718,13.559,803.847,0.03908198770016972
1788267123.4024477,EXTEND,attention,reshape_and_cache_flash,1.0,48.0,766.116,15.960749999999999,26.32,766.116,0.03724755592656716
1788267123.4024477,EXTEND,gemm,Cijk_Alik_Bljk_BBS_BH_Bias_HA_S_SAV_UserArgs_MT32x32x512_MI16x16x1_SN_LDSB0_AFC…,1.0,45.0,659.963,14.665844444444444,15.72,659.963,0.03208653617985402
1788267123.4024477,EXTEND,embedding,at::native::vectorized_gather_kernel,1.0,129.0,574.993,4.45731007751938,11.319,574.993,0.02795540613286321
1788267123.4024477,EXTEND,gemm,Cijk_Alik_Bljk_BBS_BH_Bias_HA_S_SAV_UserArgs_MT256x16x128_MI16x16x1_SN_LDSB1_AF…,1.0,6.0,495.155,82.52583333333332,88.88,495.155,0.024073787200397014
1788267123.4024477,EXTEND,embedding,_vocab_parallel_embedding_kernel,1.0,6.0,379.754,63.29233333333334,98.959,379.754,0.018463141813168743
1788267123.4024477,EXTEND,index_copy,at::native::CatArrayBatchedCopy,1.0,6.0,354.796,59.132666666666665,160.36,354.796,0.0172497165605761
1788267123.4024477,EXTEND,elementwise,at::native::reduce_kernel,1.0,50.0,351.473,7.02946,9.759,351.473,0.017088156655360728
1788267123.4024477,EXTEND,elementwise,at::native::elementwise_kernel_manual_unroll,1.0,39.0,272.921,6.997974358974359,21.319,272.921,0.013269061357594194
1788267123.4024477,EXTEND,other,ROCPRIM_400200_NS::detail::trampoline_kernel,1.0,71.0,239.849,3.3781549295774647,5.439,239.849,0.011661144058381766
1788267123.4024477,EXTEND,moe,_fused_append_shared_experts_with_weights_kernel,1.0,3.0,149.277,49.75899999999999,79.319,149.277,0.007257652112800365
1788267123.4024477,EXTEND,comm,aiter::allgather_vec,1.0,6.0,101.71600000000001,16.95266666666667,24.799,101.71600000000001,0.004945298621392459
1788267123.4024477,EXTEND,other,compute_cuda_kernel,1.0,16.0,90.784,5.674,5.879,90.784,0.00441379910775584
1788267123.4024477,EXTEND,memcpy,Memcpy DtoH,1.0,21.0,84.179,4.00852380952381,5.479,84.179,0.004092672663594673
1788267123.4024477,EXTEND,index_copy,at::native::unrolled_elementwise_kernel,1.0,22.0,83.178,3.780818181818182,4.639,83.178,0.004044005355403102
1788267123.4024477,EXTEND,elementwise,elementwise_kernel_with_index,1.0,35.0,68.525,1.957857142857143,2.639,68.525,0.003331595698129284
1788267123.4024477,EXTEND,elementwise,at::native::_scatter_gather_elementwise_kernel,1.0,16.0,68.384,4.274,4.519,68.384,0.0033247404629094916
1788267123.4024477,EXTEND,memcpy,Memcpy HtoD,1.0,14.0,62.466,4.461857142857143,6.759,62.466,0.0030370150584362473
1788267123.4024477,EXTEND,attention,create_flashinfer_kv_indices_triton,1.0,6.0,53.394,8.899,9.959,53.394,0.002595946307273476
1788267123.4024477,EXTEND,kv_cache,_fused_slot_clear_kernel,1.0,2.0,13.518,6.759,7.519,13.518,0.0006572274446889699
1788267123.4024477,EXTEND,memset,Memset,1.0,6.0,12.874,2.1456666666666666,3.599,12.874,0.0006259170086496374
1788267123.4024477,EXTEND,other,ROCPRIM_400200_NS::detail::init_lookback_scan_state_kernel,1.0,6.0,12.674,2.1123333333333334,3.879,12.674,0.0006161932707492234
isl32768_osl4_c1,EXTEND,comm,quickreduce::allreduce_prototype_twoshot,1.0,124.0,210667.84100000001,1698.9342016129033,2023.17,210667.84100000001,33.41495138208777
isl32768_osl4_c1,EXTEND,gemm,Cijk_Alik_Bljk_BBS_BH_Bias_HA_S_SAV_UserArgs_MT256x256x64_MI16x16x1_CMS_SN_LDSB…,1.0,304.0,107424.089,353.3687138157895,1581.928,107424.089,17.039006495538487
isl32768_osl4_c1,EXTEND,linear_attn,chunk_gated_delta_rule_fwd_kernel_h_blockdim64,1.0,45.0,58069.795,1290.4398888888888,1338.126,58069.795,9.210705191082313
isl32768_osl4_c1,EXTEND,moe,mfma_moe2_afp4_wfp4_bf16_cshuffle_t64x256x256_vscale_fix3_fp4opt_v1_persist_cu2…,1.0,60.0,46391.554,773.1925666666666,796.563,46391.554,7.3583681025596075
isl32768_osl4_c1,EXTEND,moe,moe_reduction_kernel_0,1.0,60.0,33881.246,564.6874333333333,580.682,33881.246,5.374053213250312
isl32768_osl4_c1,EXTEND,moe,mfma_moe1_silu_mul_afp4_wfp4_bf16_t128x128x256_pm1_async_xcd4_v32,1.0,60.0,29992.346,499.87243333333333,510.442,29992.346,4.757217706639689
isl32768_osl4_c1,EXTEND,attention,aiter::fmha_fwd_hd256_fp8_causal_group_gfx950,1.0,16.0,28319.617,1769.9760625,1884.569,28319.617,4.491898814372651
isl32768_osl4_c1,EXTEND,norm,_gemma_fused_add_rmsnorm_kernel,1.0,122.0,22226.84,182.1872131147541,189.0,22226.84,3.5254966987459833
isl32768_osl4_c1,EXTEND,linear_attn,_fused_gate_sigmoid_mul_add_kernel,1.0,60.0,10927.322,182.12203333333335,193.6,10927.322,1.733230528367251
isl32768_osl4_c1,EXTEND,other,chunk_fwd_kernel_o,1.0,45.0,9051.685,201.14855555555553,206.08,9051.685,1.4357275071754931
isl32768_osl4_c1,EXTEND,linear_attn,_causal_conv1d_fwd_kernel,1.0,45.0,8851.524,196.7005333333333,206.12,8851.524,1.4039790919838735
isl32768_osl4_c1,EXTEND,moe,ck::kernel_moe_gemm_2lds,1.0,2.0,6439.713,3219.8565,4557.464,6439.713,1.0214311581120659
isl32768_osl4_c1,EXTEND,elementwise,fused_qkvzba_split_reshape_cat_contiguous_kernel,1.0,45.0,6055.471,134.56602222222222,139.4,6055.471,0.9604848471421056
isl32768_osl4_c1,EXTEND,quant,aiter::dynamic_per_group_scaled_quant_kernel,1.0,120.0,6029.917,50.24930833333334,69.959,6029.917,0.956431614984959
isl32768_osl4_c1,EXTEND,linear_attn,chunk_gated_delta_rule_fwd_kkt_solve_kernel,1.0,45.0,5844.95,129.88777777777779,142.839,5844.95,0.9270931868558614
isl32768_osl4_c1,EXTEND,linear_attn,recompute_w_u_fwd_kernel,1.0,45.0,5744.983,127.66628888888889,132.84,5744.983,0.9112369819934726
isl32768_osl4_c1,EXTEND,norm,_fused_qk_gemma_rmsnorm_gate_kernel,1.0,16.0,4104.45,256.528125,272.08,4104.45,0.651024838671082
isl32768_osl4_c1,EXTEND,moe,aiter::opus_moe_sorting_entry,1.0,244.0,3600.614,14.756614754098361,101.68,3600.614,0.571109198179254
isl32768_osl4_c1,EXTEND,moe,aiter::mxfp4_moe_sort_kernel,1.0,120.0,3507.018,29.22515,53.079,3507.018,0.5562635256043027
isl32768_osl4_c1,EXTEND,norm,_layer_norm_fwd_1pass_kernel,1.0,45.0,3355.692,74.57093333333333,77.759,3355.692,0.5322610442153858
isl32768_osl4_c1,EXTEND,linear_attn,fused_qkv_split_gdn_prefill_kernel,1.0,45.0,2795.331,62.11846666666667,65.88,2795.331,0.44337972525119673
isl32768_osl4_c1,EXTEND,moe,vllm::moe::topkGatingSoftmax,1.0,61.0,2240.709,36.732934426229505,37.359,2240.709,0.3554086942790974
isl32768_osl4_c1,EXTEND,gemm,Cijk_Alik_Bljk_BBS_BH_Bias_HA_S_SAV_UserArgs_MT32x192x128_MI16x16x1_SN_LDSB1_AF…,1.0,45.0,1962.403,43.60895555555555,46.72,1962.403,0.3112653574736316
isl32768_osl4_c1,EXTEND,other,_triton_mrope_forward_fused,1.0,15.0,1673.67,111.578,117.759,1673.67,0.2654681484093191
isl32768_osl4_c1,EXTEND,linear_attn,l2norm_fwd_kernel,1.0,90.0,1482.913,16.47681111111111,17.679,1482.913,0.2352113429541717
isl32768_osl4_c1,EXTEND,index_copy,at::native::vectorized_elementwise_kernel,1.0,92.0,1374.998,14.94563043478261,21.0,1374.998,0.21809447090914993
isl32768_osl4_c1,EXTEND,index_copy,at::native::index_elementwise_kernel,1.0,201.0,1131.402,5.628865671641791,8.079,1131.402,0.1794566396282424
isl32768_osl4_c1,EXTEND,activation,_fused_sigmoid_mul_kernel,1.0,16.0,1032.514,64.532125,66.8,1032.514,0.163771579694145
isl32768_osl4_c1,EXTEND,activation,sgl_hip::activation::act_and_mul_kernel,1.0,60.0,952.106,15.868433333333334,16.239,952.106,0.15101771371262146
isl32768_osl4_c1,EXTEND,linear_attn,fused_gdn_gating_kernel,1.0,45.0,813.122,18.069377777777778,19.639,813.122,0.12897285114203058
isl32768_osl4_c1,EXTEND,quant,at::native::vectorized_elementwise_kernel,1.0,48.0,801.399,16.6958125,38.279,801.399,0.1271134146319644
isl32768_osl4_c1,EXTEND,other,chunk_local_cumsum_scalar_kernel,1.0,45.0,625.921,13.909355555555557,15.039,625.921,0.09928007846260578
isl32768_osl4_c1,EXTEND,norm,_gemma_rmsnorm_kernel,1.0,4.0,585.0,146.25,150.68,585.0,0.09278941895322952
isl32768_osl4_c1,EXTEND,index_copy,at::native::CatArrayBatchedCopy_contig,1.0,4.0,449.07800000000003,112.26950000000001,411.921,449.07800000000003,0.07123023364902292
isl32768_osl4_c1,EXTEND,index_copy,at::native::elementwise_kernel_manual_unroll,1.0,72.0,406.893,5.651291666666666,11.439,406.893,0.06453908554895114
isl32768_osl4_c1,EXTEND,attention,reshape_and_cache_flash,1.0,16.0,380.905,23.8065625,25.799,380.905,0.06041701474594854
isl32768_osl4_c1,EXTEND,elementwise,at::native::vectorized_elementwise_kernel,1.0,62.0,253.14,4.082903225806452,9.359,253.14,0.04015164703217183
isl32768_osl4_c1,EXTEND,index_copy,at::native::CatArrayBatchedCopy,1.0,2.0,182.71900000000002,91.35950000000001,156.8,182.71900000000002,0.02898186297729085
isl32768_osl4_c1,EXTEND,embedding,_vocab_parallel_embedding_kernel,1.0,2.0,175.559,87.7795,87.919,175.559,0.02784618393505987
isl32768_osl4_c1,EXTEND,gemm,Cijk_Alik_Bljk_BBS_BH_Bias_HA_S_SAV_UserArgs_MT256x16x128_MI16x16x1_SN_LDSB1_AF…,1.0,2.0,164.518,82.259,83.199,164.518,0.02609492243991011
isl32768_osl4_c1,EXTEND,elementwise,at::native::elementwise_kernel_manual_unroll,1.0,13.0,111.828,8.602153846153847,19.959,111.828,0.017737530158464535
isl32768_osl4_c1,EXTEND,moe,_fused_append_shared_experts_with_weights_kernel,1.0,1.0,79.439,79.439,79.439,79.439,0.012600168636283077
isl32768_osl4_c1,EXTEND,memcpy,Memcpy DtoD,1.0,21.0,69.819,3.3247142857142857,4.719,69.819,0.011074298191274414
isl32768_osl4_c1,EXTEND,comm,aiter::allgather_vec,1.0,2.0,53.998,26.999,26.999,53.998,0.008564859905361518
isl32768_osl4_c1,EXTEND,attention,create_flashinfer_kv_indices_triton,1.0,2.0,48.038,24.019,28.639,48.038,0.007619518132778187
isl32768_osl4_c1,EXTEND,other,ROCPRIM_400200_NS::detail::trampoline_kernel,1.0,13.0,47.547,3.657461538461538,6.959,47.547,0.007541638466614024
isl32768_osl4_c1,EXTEND,memcpy,Memcpy DtoH,1.0,7.0,24.433,3.490428571428571,3.959,24.433,0.0038754254244175337
isl32768_osl4_c1,EXTEND,memcpy,Memcpy HtoD,1.0,5.0,22.236,4.4472000000000005,5.24,22.236,0.0035269496065709603
isl32768_osl4_c1,EXTEND,embedding,at::native::vectorized_gather_kernel,1.0,1.0,11.359,11.359,11.359,11.359,0.0018017008716063835
isl32768_osl4_c1,EXTEND,index_copy,at::native::unrolled_elementwise_kernel,1.0,2.0,6.198,3.099,4.479,6.198,0.000983091997730114
isl32768_osl4_c1,EXTEND,kv_cache,_fused_slot_clear_kernel,1.0,1.0,5.239,5.239,5.239,5.239,0.0008309807964033666
isl32768_osl4_c1,EXTEND,memset,Memset,1.0,2.0,3.998,1.999,2.039,3.998,0.0006341403367094217
isl32768_osl4_c1,EXTEND,other,ROCPRIM_400200_NS::detail::init_lookback_scan_state_kernel,1.0,2.0,2.918,1.459,2.079,2.918,0.00046283679402653636
isl32768_osl4_c1,EXTEND,elementwise,elementwise_kernel_with_index,1.0,1.0,1.799,1.799,1.799,1.799,0.00028534729008010244
isl32768_osl4_c16,EXTEND,comm,quickreduce::allreduce_prototype_twoshot,1.0,1984.0,3368702.87,1697.9349143145162,2023.85,3368702.87,21.690016995819764
isl32768_osl4_c16,EXTEND,activation,sgl_hip::activation::act_and_mul_kernel,1.0,960.0,2153858.117,2243.6022052083335,538864.773,2153858.117,13.868014178500214
isl32768_osl4_c16,EXTEND,gemm,Cijk_Alik_Bljk_BBS_BH_Bias_HA_S_SAV_UserArgs_MT256x256x64_MI16x16x1_CMS_SN_LDSB…,1.0,4864.0,1718639.591,353.33873170230265,1600.128,1718639.591,11.065779137261439
isl32768_osl4_c16,EXTEND,quant,at::native::vectorized_elementwise_kernel,1.0,416.0,1502579.154,3611.969120192308,249794.649,1502579.154,9.674634019540134
isl32768_osl4_c16,EXTEND,linear_attn,chunk_gated_delta_rule_fwd_kernel_h_blockdim64,1.0,720.0,904399.67,1256.110652777778,1341.286,904399.67,5.823144685157046
isl32768_osl4_c16,EXTEND,index_copy,at::native::index_elementwise_kernel,1.0,3346.0,762260.346,227.81241661685596,248044.236,762260.346,4.9079543367324225
isl32768_osl4_c16,EXTEND,moe,mfma_moe2_afp4_wfp4_bf16_cshuffle_t64x256x256_vscale_fix3_fp4opt_v1_persist_cu2…,1.0,960.0,727229.463,757.530690625,808.563,727229.463,4.682401512108095
isl32768_osl4_c16,EXTEND,other,chunk_fwd_kernel_o,1.0,720.0,704229.74,978.0968611111111,559464.149,704229.74,4.534313538184427
isl32768_osl4_c16,EXTEND,attention,aiter::fmha_fwd_hd256_fp8_causal_group_gfx950,1.0,256.0,648280.432,2532.3454375,3195.376,648280.432,4.174073562070311
isl32768_osl4_c16,EXTEND,moe,moe_reduction_kernel_0,1.0,960.0,540713.75,563.2434895833334,587.922,540713.75,3.4814855687683255
isl32768_osl4_c16,EXTEND,moe,mfma_moe1_silu_mul_afp4_wfp4_bf16_t128x128x256_pm1_async_xcd4_v32,1.0,960.0,470047.974,489.63330625,515.882,470047.974,3.0264908893287603
isl32768_osl4_c16,EXTEND,norm,_gemma_fused_add_rmsnorm_kernel,1.0,1952.0,355318.982,182.02816700819673,195.48,355318.982,2.2877870373047706
isl32768_osl4_c16,EXTEND,index_copy,at::native::vectorized_elementwise_kernel,1.0,1648.0,306142.06799999997,185.76581796116503,283875.88,306142.06799999997,1.9711523735708427
isl32768_osl4_c16,EXTEND,linear_attn,_causal_conv1d_fwd_kernel,1.0,720.0,205011.235,284.7378263888889,348.641,205011.235,1.3200027853700258
isl32768_osl4_c16,EXTEND,linear_attn,_fused_gate_sigmoid_mul_add_kernel,1.0,960.0,173694.14,180.93139583333334,194.08,173694.14,1.1183618722283744
isl32768_osl4_c16,EXTEND,moe,ck::kernel_moe_gemm_2lds,1.0,32.0,101717.64,3178.67625,4600.344,101717.64,0.6549278536918504
isl32768_osl4_c16,EXTEND,quant,aiter::dynamic_per_group_scaled_quant_kernel,1.0,1920.0,96802.41,50.417921875000005,74.24,96802.41,0.6232802354979776
isl32768_osl4_c16,EXTEND,elementwise,fused_qkvzba_split_reshape_cat_contiguous_kernel,1.0,720.0,95895.598,133.18833055555555,143.88,95895.598,0.6174415585795787
isl32768_osl4_c16,EXTEND,linear_attn,chunk_gated_delta_rule_fwd_kkt_solve_kernel,1.0,720.0,95706.763,132.92605972222222,154.96,95706.763,0.6162257094775754
isl32768_osl4_c16,EXTEND,linear_attn,recompute_w_u_fwd_kernel,1.0,720.0,91245.04,126.72922222222222,133.8,91245.04,0.5874980800500978
isl32768_osl4_c16,EXTEND,norm,_fused_qk_gemma_rmsnorm_gate_kernel,1.0,256.0,65326.194,255.1804453125,285.12,65326.194,0.42061479234356436
isl32768_osl4_c16,EXTEND,moe,aiter::opus_moe_sorting_entry,1.0,3904.0,59679.821,15.286839395491803,113.839,59679.821,0.38425957460518967
isl32768_osl4_c16,EXTEND,moe,aiter::mxfp4_moe_sort_kernel,1.0,1920.0,55780.564,29.052377083333333,55.079,55780.564,0.35915348663457874
isl32768_osl4_c16,EXTEND,norm,_layer_norm_fwd_1pass_kernel,1.0,720.0,53280.501,74.00069583333332,78.639,53280.501,0.34305636823226027
isl32768_osl4_c16,EXTEND,linear_attn,fused_qkv_split_gdn_prefill_kernel,1.0,720.0,44223.319,61.42127638888889,67.359,44223.319,0.2847400253859609
isl32768_osl4_c16,EXTEND,moe,vllm::moe::topkGatingSoftmax,1.0,976.0,35750.207,36.62931045081967,39.479,35750.207,0.2301843253495595
isl32768_osl4_c16,EXTEND,gemm,Cijk_Alik_Bljk_BBS_BH_Bias_HA_S_SAV_UserArgs_MT32x192x128_MI16x16x1_SN_LDSB1_AF…,1.0,720.0,31366.456,43.56452222222222,47.08,31366.456,0.20195873307717185
isl32768_osl4_c16,EXTEND,other,_triton_mrope_forward_fused,1.0,240.0,26453.214,110.221725,118.32,26453.214,0.17032391498929003
isl32768_osl4_c16,EXTEND,linear_attn,l2norm_fwd_kernel,1.0,1440.0,23395.081,16.246584027777775,18.879,23395.081,0.15063355958983107
isl32768_osl4_c16,EXTEND,activation,_fused_sigmoid_mul_kernel,1.0,256.0,15793.801,61.69453515625,68.88,15793.801,0.10169131126681862
isl32768_osl4_c16,EXTEND,linear_attn,fused_gdn_gating_kernel,1.0,720.0,13193.269,18.32398472222222,22.599,13193.269,0.08494730461057909
isl32768_osl4_c16,EXTEND,other,chunk_local_cumsum_scalar_kernel,1.0,720.0,10449.657,14.5134125,21.999,10449.657,0.06728205088936412
isl32768_osl4_c16,EXTEND,norm,_gemma_rmsnorm_kernel,1.0,64.0,9463.628999999999,147.86920312499998,161.56,9463.628999999999,0.060933327091603304
isl32768_osl4_c16,EXTEND,index_copy,at::native::CatArrayBatchedCopy_contig,1.0,64.0,7243.654,113.18209375,420.081,7243.654,0.046639607123271705
isl32768_osl4_c16,EXTEND,index_copy,at::native::elementwise_kernel_manual_unroll,1.0,1301.0,6557.217,5.040136049192928,13.359,6557.217,0.04221985543512132
isl32768_osl4_c16,EXTEND,elementwise,at::native::reduce_kernel,1.0,699.0,6488.168,9.282071530758225,15.199,6488.168,0.04177527066723279
isl32768_osl4_c16,EXTEND,elementwise,at::native::vectorized_elementwise_kernel,1.0,1696.0,6406.266,3.777279481132075,11.679,6406.266,0.041247929479676045
isl32768_osl4_c16,EXTEND,attention,reshape_and_cache_flash,1.0,256.0,6013.614,23.4906796875,27.759,6013.614,0.0387197668954103
isl32768_osl4_c16,EXTEND,embedding,at::native::vectorized_gather_kernel,1.0,840.0,5930.992,7.060704761904762,14.559,5930.992,0.038187789854577193
isl32768_osl4_c16,EXTEND,memcpy,Memcpy DtoD,1.0,1221.0,4304.447,3.5253456183456184,7.759,4304.447,0.02771497878873639
isl32768_osl4_c16,EXTEND,other,compute_cuda_kernel,1.0,176.0,2964.885,16.8459375,21.759,2964.885,0.01908996089068879
isl32768_osl4_c16,EXTEND,index_copy,at::native::CatArrayBatchedCopy,1.0,32.0,2915.262,91.1019375,162.48,2915.262,0.018770454019670643
isl32768_osl4_c16,EXTEND,embedding,_vocab_parallel_embedding_kernel,1.0,32.0,2732.99,85.4059375,90.2,2732.99,0.017596862008018375
isl32768_osl4_c16,EXTEND,gemm,Cijk_Alik_Bljk_BBS_BH_Bias_HA_S_SAV_UserArgs_MT256x16x128_MI16x16x1_SN_LDSB1_AF…,1.0,32.0,2651.464,82.85825,90.2,2651.464,0.017071941766061506
isl32768_osl4_c16,EXTEND,other,ROCPRIM_400200_NS::detail::trampoline_kernel,1.0,560.0,1919.8899999999999,3.428375,8.159,1919.8899999999999,0.01236156714827877
isl32768_osl4_c16,EXTEND,elementwise,at::native::elementwise_kernel_manual_unroll,1.0,208.0,1794.723,8.628475961538461,20.36,1794.723,0.011555656249608217
isl32768_osl4_c16,EXTEND,moe,_fused_append_shared_experts_with_weights_kernel,1.0,16.0,1277.147,79.8216875,82.679,1277.147,0.008223147367152694
isl32768_osl4_c16,EXTEND,attention,create_flashinfer_kv_indices_triton,1.0,32.0,959.411,29.98159375,32.119,959.411,0.006177345316292747
isl32768_osl4_c16,EXTEND,comm,aiter::allgather_vec,1.0,32.0,943.294,29.4779375,40.76,943.294,0.006073573028438335
isl32768_osl4_c16,EXTEND,index_copy,at::native::unrolled_elementwise_kernel,1.0,208.0,848.838,4.080951923076923,4.719,848.838,0.005465400588060074
isl32768_osl4_c16,EXTEND,elementwise,elementwise_kernel_with_index,1.0,368.0,772.196,2.098358695652174,2.839,772.196,0.0049719268841612145
isl32768_osl4_c16,EXTEND,elementwise,at::native::_scatter_gather_elementwise_kernel,1.0,176.0,743.226,4.222875,4.879,743.226,0.004785398176638578
isl32768_osl4_c16,EXTEND,memcpy,Memcpy DtoH,1.0,112.0,454.369,4.056866071428572,7.599,454.369,0.002925538912956616
isl32768_osl4_c16,EXTEND,memcpy,Memcpy HtoD,1.0,81.0,344.282,4.250395061728395,12.159,344.282,0.0022167233856854878
isl32768_osl4_c16,EXTEND,kv_cache,_fused_slot_clear_kernel,1.0,15.0,89.746,5.983066666666667,10.199,89.746,0.0005778462335287056
isl32768_osl4_c16,EXTEND,memset,Memset,1.0,32.0,70.248,2.19525,3.479,70.248,0.00045230475133069454
isl32768_osl4_c16,EXTEND,other,ROCPRIM_400200_NS::detail::init_lookback_scan_state_kernel,1.0,32.0,64.369,2.01153125,3.759,64.369,0.00041445172159215173
isl32768_osl4_c2,EXTEND,comm,quickreduce::allreduce_prototype_twoshot,1.0,248.0,956330.9249999999,3856.173084677419,534815.889,956330.9249999999,53.44687701801998
isl32768_osl4_c2,EXTEND,gemm,Cijk_Alik_Bljk_BBS_BH_Bias_HA_S_SAV_UserArgs_MT256x256x64_MI16x16x1_CMS_SN_LDSB…,1.0,608.0,214426.976,352.675947368421,1579.607,214426.976,11.983772474593897
isl32768_osl4_c2,EXTEND,linear_attn,chunk_gated_delta_rule_fwd_kernel_h_blockdim64,1.0,90.0,116016.829,1289.0758777777778,1328.766,116016.829,6.483882335587604
isl32768_osl4_c2,EXTEND,moe,mfma_moe2_afp4_wfp4_bf16_cshuffle_t64x256x256_vscale_fix3_fp4opt_v1_persist_cu2…,1.0,120.0,88452.837,737.106975,806.083,88452.837,4.943401679741735
isl32768_osl4_c2,EXTEND,moe,moe_reduction_kernel_0,1.0,120.0,68021.45,566.8454166666667,589.122,68021.45,3.8015439820032957
isl32768_osl4_c2,EXTEND,moe,mfma_moe1_silu_mul_afp4_wfp4_bf16_t128x128x256_pm1_async_xcd4_v32,1.0,120.0,58363.24,486.3603333333333,513.362,58363.24,3.2617714528610318
isl32768_osl4_c2,EXTEND,attention,aiter::fmha_fwd_hd256_fp8_causal_group_gfx950,1.0,32.0,56272.758,1758.5236875,1924.329,56272.758,3.1449397877526546
isl32768_osl4_c2,EXTEND,norm,_gemma_fused_add_rmsnorm_kernel,1.0,244.0,44588.238,182.73868032786885,195.08,44588.238,2.491922001619058
isl32768_osl4_c2,EXTEND,linear_attn,_fused_gate_sigmoid_mul_add_kernel,1.0,120.0,21951.922,182.93268333333333,195.96,21951.922,1.2268364901440023
isl32768_osl4_c2,EXTEND,other,chunk_fwd_kernel_o,1.0,90.0,18132.571,201.4730111111111,206.2,18132.571,1.0133827809212754
isl32768_osl4_c2,EXTEND,linear_attn,_causal_conv1d_fwd_kernel,1.0,90.0,17675.806,196.39784444444444,207.161,17675.806,0.9878553592485569
isl32768_osl4_c2,EXTEND,moe,ck::kernel_moe_gemm_2lds,1.0,4.0,12605.946,3151.4865,4591.345,12605.946,0.7045139166212794
isl32768_osl4_c2,EXTEND,elementwise,fused_qkvzba_split_reshape_cat_contiguous_kernel,1.0,90.0,12074.3,134.15888888888887,139.6,12074.3,0.6748015883504747
isl32768_osl4_c2,EXTEND,quant,aiter::dynamic_per_group_scaled_quant_kernel,1.0,240.0,12073.44,50.306000000000004,71.8,12073.44,0.674753525161223
isl32768_osl4_c2,EXTEND,linear_attn,chunk_gated_delta_rule_fwd_kkt_solve_kernel,1.0,90.0,11600.685,128.8965,149.36,11600.685,0.6483324634929997
isl32768_osl4_c2,EXTEND,linear_attn,recompute_w_u_fwd_kernel,1.0,90.0,11490.058,127.66731111111112,133.92,11490.058,0.642149804844925
isl32768_osl4_c2,EXTEND,norm,_fused_qk_gemma_rmsnorm_gate_kernel,1.0,32.0,8227.817000000001,257.11928125000003,286.321,8227.817000000001,0.45983154139428684
isl32768_osl4_c2,EXTEND,moe,aiter::opus_moe_sorting_entry,1.0,488.0,7596.866,15.567348360655737,107.959,7596.866,0.4245693119506486
isl32768_osl4_c2,EXTEND,moe,aiter::mxfp4_moe_sort_kernel,1.0,240.0,6827.914,28.449641666666665,53.199,6827.914,0.38159456136756936
isl32768_osl4_c2,EXTEND,norm,_layer_norm_fwd_1pass_kernel,1.0,90.0,6639.711,73.77456666666667,77.92,6639.711,0.37107637949927685
isl32768_osl4_c2,EXTEND,linear_attn,fused_qkv_split_gdn_prefill_kernel,1.0,90.0,5583.733,62.04147777777778,66.6,5583.733,0.31206048361602423
isl32768_osl4_c2,EXTEND,moe,vllm::moe::topkGatingSoftmax,1.0,122.0,4439.182,36.38673770491803,37.119,4439.182,0.24809447045185531
isl32768_osl4_c2,EXTEND,gemm,Cijk_Alik_Bljk_BBS_BH_Bias_HA_S_SAV_UserArgs_MT32x192x128_MI16x16x1_SN_LDSB1_AF…,1.0,90.0,3935.169,43.7241,46.159,3935.169,0.21992647951662198
isl32768_osl4_c2,EXTEND,other,_triton_mrope_forward_fused,1.0,30.0,3330.305,111.01016666666666,119.719,3330.305,0.18612218544276085
isl32768_osl4_c2,EXTEND,linear_attn,l2norm_fwd_kernel,1.0,180.0,2975.475,16.530416666666667,18.039,2975.475,0.16629164888209905
isl32768_osl4_c2,EXTEND,index_copy,at::native::vectorized_elementwise_kernel,1.0,184.0,2739.708,14.889717391304348,21.279,2739.708,0.15311523732361315
isl32768_osl4_c2,EXTEND,index_copy,at::native::index_elementwise_kernel,1.0,402.0,2238.769,5.56907711442786,8.039,2238.769,0.12511904434623983
isl32768_osl4_c2,EXTEND,activation,_fused_sigmoid_mul_kernel,1.0,32.0,2066.66,64.583125,66.559,2066.66,0.11550031476610585
isl32768_osl4_c2,EXTEND,activation,sgl_hip::activation::act_and_mul_kernel,1.0,120.0,1888.251,15.735425,16.119,1888.251,0.10552949438098873
isl32768_osl4_c2,EXTEND,linear_attn,fused_gdn_gating_kernel,1.0,90.0,1622.847,18.031633333333332,20.999,1622.847,0.09069674707848925
isl32768_osl4_c2,EXTEND,quant,at::native::vectorized_elementwise_kernel,1.0,96.0,1596.349,16.628635416666665,39.839,1596.349,0.08921584197524426
isl32768_osl4_c2,EXTEND,other,chunk_local_cumsum_scalar_kernel,1.0,90.0,1245.8,13.842222222222222,17.84,1245.8,0.06962455949968291
isl32768_osl4_c2,EXTEND,norm,_gemma_rmsnorm_kernel,1.0,8.0,1195.959,149.494875,161.12,1195.959,0.06683907413283133
isl32768_osl4_c2,EXTEND,index_copy,at::native::CatArrayBatchedCopy_contig,1.0,8.0,915.038,114.37975,417.881,915.038,0.05113912158891543
isl32768_osl4_c2,EXTEND,index_copy,at::native::elementwise_kernel_manual_unroll,1.0,144.0,807.0219999999999,5.604319444444444,11.519,807.0219999999999,0.045102385018906004
isl32768_osl4_c2,EXTEND,attention,reshape_and_cache_flash,1.0,32.0,755.376,23.6055,25.919,755.376,0.04221602284205528
isl32768_osl4_c2,EXTEND,elementwise,at::native::vectorized_elementwise_kernel,1.0,124.0,516.599,4.166120967741936,10.079,516.599,0.028871390121188546
isl32768_osl4_c2,EXTEND,index_copy,at::native::CatArrayBatchedCopy,1.0,4.0,367.117,91.77925,157.84,367.117,0.020517225405237673
isl32768_osl4_c2,EXTEND,embedding,_vocab_parallel_embedding_kernel,1.0,4.0,339.479,84.86975,87.88,339.479,0.01897260863251955
isl32768_osl4_c2,EXTEND,gemm,Cijk_Alik_Bljk_BBS_BH_Bias_HA_S_SAV_UserArgs_MT256x16x128_MI16x16x1_SN_LDSB1_AF…,1.0,4.0,329.396,82.349,85.159,329.396,0.018409095682258427
isl32768_osl4_c2,EXTEND,elementwise,at::native::elementwise_kernel_manual_unroll,1.0,26.0,226.654,8.717461538461539,20.239,226.654,0.012667109414706317
isl32768_osl4_c2,EXTEND,moe,_fused_append_shared_experts_with_weights_kernel,1.0,2.0,158.35899999999998,79.17949999999999,79.439,158.35899999999998,0.008850277426400934
isl32768_osl4_c2,EXTEND,memcpy,Memcpy DtoD,1.0,42.0,141.478,3.36852380952381,4.919,141.478,0.007906841731334194
isl32768_osl4_c2,EXTEND,comm,aiter::allgather_vec,1.0,4.0,125.277,31.31925,34.4,125.277,0.007001409488233887
isl32768_osl4_c2,EXTEND,attention,create_flashinfer_kv_indices_triton,1.0,4.0,108.51599999999999,27.128999999999998,30.479,108.51599999999999,0.006064680284690632
isl32768_osl4_c2,EXTEND,other,ROCPRIM_400200_NS::detail::trampoline_kernel,1.0,26.0,89.776,3.452923076923077,5.039,89.776,0.005017349858439182
isl32768_osl4_c2,EXTEND,memcpy,Memcpy HtoD,1.0,10.0,80.39,8.039,42.959,80.39,0.004492790446443658
isl32768_osl4_c2,EXTEND,memcpy,Memcpy DtoH,1.0,14.0,55.626,3.9732857142857143,5.519,55.626,0.0031087941457130846
isl32768_osl4_c2,EXTEND,embedding,at::native::vectorized_gather_kernel,1.0,2.0,22.518,11.259,11.359,22.518,0.0012584731343826135
isl32768_osl4_c2,EXTEND,index_copy,at::native::unrolled_elementwise_kernel,1.0,4.0,12.996,3.249,4.639,12.996,0.0007263130319938025
isl32768_osl4_c2,EXTEND,kv_cache,_fused_slot_clear_kernel,1.0,2.0,11.038,5.519,5.719,11.038,0.0006168854453022153
isl32768_osl4_c2,EXTEND,memset,Memset,1.0,4.0,8.716,2.179,2.439,8.716,0.00048711483432271326
isl32768_osl4_c2,EXTEND,other,ROCPRIM_400200_NS::detail::init_lookback_scan_state_kernel,1.0,4.0,6.996,1.749,2.319,6.996,0.00039098845581937844
isl32768_osl4_c2,EXTEND,elementwise,elementwise_kernel_with_index,1.0,2.0,4.2780000000000005,2.1390000000000002,2.519,4.2780000000000005,0.00023908642281236437
isl32768_osl4_c4,EXTEND,comm,quickreduce::allreduce_prototype_twoshot,1.0,496.0,1909423.785,3849.6447278225805,540064.758,1909423.785,45.859830715695495
isl32768_osl4_c4,EXTEND,other,chunk_fwd_kernel_o,1.0,180.0,595932.385,3310.735472222222,559971.491,595932.385,14.312882508741072
isl32768_osl4_c4,EXTEND,gemm,Cijk_Alik_Bljk_BBS_BH_Bias_HA_S_SAV_UserArgs_MT256x256x64_MI16x16x1_CMS_SN_LDSB…,1.0,1216.0,430263.853,353.8354054276316,1594.648,430263.853,10.333917287860166
isl32768_osl4_c4,EXTEND,linear_attn,chunk_gated_delta_rule_fwd_kernel_h_blockdim64,1.0,180.0,230552.122,1280.8451222222222,1332.846,230552.122,5.537315167604019
isl32768_osl4_c4,EXTEND,moe,mfma_moe2_afp4_wfp4_bf16_cshuffle_t64x256x256_vscale_fix3_fp4opt_v1_persist_cu2…,1.0,240.0,178784.738,744.9364083333334,796.364,178784.738,4.293985381160407
isl32768_osl4_c4,EXTEND,moe,moe_reduction_kernel_0,1.0,240.0,135252.185,563.5507708333333,587.163,135252.185,3.248436704703524
isl32768_osl4_c4,EXTEND,attention,aiter::fmha_fwd_hd256_fp8_causal_group_gfx950,1.0,64.0,131791.099,2059.235921875,3165.977,131791.099,3.165309627676742
isl32768_osl4_c4,EXTEND,moe,mfma_moe1_silu_mul_afp4_wfp4_bf16_t128x128x256_pm1_async_xcd4_v32,1.0,240.0,117003.764,487.5156833333333,510.162,117003.764,2.810152912251058
isl32768_osl4_c4,EXTEND,norm,_gemma_fused_add_rmsnorm_kernel,1.0,488.0,89331.246,183.05583196721312,196.28,89331.246,2.14552466108625
isl32768_osl4_c4,EXTEND,linear_attn,_fused_gate_sigmoid_mul_add_kernel,1.0,240.0,43607.958,181.699825,194.2,43607.958,1.04735972571807
isl32768_osl4_c4,EXTEND,linear_attn,_causal_conv1d_fwd_kernel,1.0,180.0,41296.45,229.42472222222221,346.841,41296.45,0.9918427857853374
isl32768_osl4_c4,EXTEND,moe,ck::kernel_moe_gemm_2lds,1.0,8.0,25231.49,3153.93625,4568.904,25231.49,0.6060005480159889
isl32768_osl4_c4,EXTEND,quant,aiter::dynamic_per_group_scaled_quant_kernel,1.0,480.0,24206.808,50.43085,72.28,24206.808,0.5813901166248139
isl32768_osl4_c4,EXTEND,elementwise,fused_qkvzba_split_reshape_cat_contiguous_kernel,1.0,180.0,24029.787,133.49881666666667,140.2,24029.787,0.5771384920473379
isl32768_osl4_c4,EXTEND,linear_attn,chunk_gated_delta_rule_fwd_kkt_solve_kernel,1.0,180.0,23941.444,133.00802222222222,153.92,23941.444,0.5750167027113384
isl32768_osl4_c4,EXTEND,linear_attn,recompute_w_u_fwd_kernel,1.0,180.0,22958.819,127.54899444444445,134.04,22958.819,0.5514163807131445
isl32768_osl4_c4,EXTEND,norm,_fused_qk_gemma_rmsnorm_gate_kernel,1.0,64.0,16358.79,255.60609375,284.121,16358.79,0.3928993374897194
isl32768_osl4_c4,EXTEND,moe,aiter::opus_moe_sorting_entry,1.0,976.0,15126.674,15.498641393442623,108.319,15126.674,0.3633068333918929
isl32768_osl4_c4,EXTEND,moe,aiter::mxfp4_moe_sort_kernel,1.0,480.0,13757.949,28.66239375,52.56,13757.949,0.33043330511103497
isl32768_osl4_c4,EXTEND,norm,_layer_norm_fwd_1pass_kernel,1.0,180.0,13263.254,73.68474444444445,77.519,13263.254,0.31855190448424797
isl32768_osl4_c4,EXTEND,linear_attn,fused_qkv_split_gdn_prefill_kernel,1.0,180.0,11112.413,61.73562777777778,66.56,11112.413,0.2668938048359411
isl32768_osl4_c4,EXTEND,moe,vllm::moe::topkGatingSoftmax,1.0,244.0,8958.2,36.713934426229514,38.32,8958.2,0.21515471774504133
isl32768_osl4_c4,EXTEND,other,_triton_mrope_forward_fused,1.0,60.0,6607.253,110.12088333333332,116.599,6607.253,0.15869054657019013
isl32768_osl4_c4,EXTEND,linear_attn,l2norm_fwd_kernel,1.0,360.0,5926.428,16.4623,18.399,5926.428,0.1423387447898361
isl32768_osl4_c4,EXTEND,gemm,Cijk_Alik_Bljk_BBS_BH_Bias_HA_S_SAV_UserArgs_MT32x192x128_MI16x16x1_SN_LDSB1_AF…,1.0,135.0,5883.024,43.577955555555555,45.959,5883.024,0.14129628365154873
isl32768_osl4_c4,EXTEND,index_copy,at::native::vectorized_elementwise_kernel,1.0,384.0,5490.61,14.298463541666665,22.0,5490.61,0.1318714300638634
isl32768_osl4_c4,EXTEND,index_copy,at::native::index_elementwise_kernel,1.0,789.0,4410.031,5.589392902408111,7.679,4410.031,0.10591848530417741
isl32768_osl4_c4,EXTEND,activation,_fused_sigmoid_mul_kernel,1.0,64.0,4055.433,63.366140625,68.919,4055.433,0.09740188234789646
isl32768_osl4_c4,EXTEND,activation,sgl_hip::activation::act_and_mul_kernel,1.0,240.0,3868.977,16.1207375,17.759,3868.977,0.09292365144750694
isl32768_osl4_c4,EXTEND,linear_attn,fused_gdn_gating_kernel,1.0,180.0,3272.992,18.18328888888889,20.319,3272.992,0.0786095052512534
isl32768_osl4_c4,EXTEND,quant,at::native::vectorized_elementwise_kernel,1.0,160.0,2953.619,18.46011875,39.279,2953.619,0.0709389232514781
isl32768_osl4_c4,EXTEND,other,chunk_local_cumsum_scalar_kernel,1.0,180.0,2648.631,14.714616666666666,20.639,2648.631,0.06361383483465054
isl32768_osl4_c4,EXTEND,norm,_gemma_rmsnorm_kernel,1.0,16.0,2364.119,147.7574375,161.04,2364.119,0.05678053137468345
isl32768_osl4_c4,EXTEND,gemm,Cijk_Alik_Bljk_BBS_BH_Bias_HA_S_SAV_UserArgs_MT32x224x128_MI16x16x1_SN_LDSB1_AF…,1.0,45.0,2046.2839999999999,45.47297777777778,47.52,2046.2839999999999,0.04914688848721775
isl32768_osl4_c4,EXTEND,index_copy,at::native::CatArrayBatchedCopy_contig,1.0,16.0,1797.594,112.349625,416.841,1797.594,0.0431739445078453
isl32768_osl4_c4,EXTEND,attention,reshape_and_cache_flash,1.0,64.0,1499.945,23.436640625,26.319,1499.945,0.03602512146503605
isl32768_osl4_c4,EXTEND,index_copy,at::native::elementwise_kernel_manual_unroll,1.0,232.0,1365.497,5.885762931034483,13.039,1365.497,0.03279599937673871
isl32768_osl4_c4,EXTEND,elementwise,at::native::vectorized_elementwise_kernel,1.0,312.0,1239.935,3.974150641025641,12.08,1239.935,0.029780297933423877
isl32768_osl4_c4,EXTEND,index_copy,at::native::CatArrayBatchedCopy,1.0,8.0,735.876,91.9845,161.0,735.876,0.017673996235331873
isl32768_osl4_c4,EXTEND,embedding,_vocab_parallel_embedding_kernel,1.0,8.0,676.357,84.544625,86.399,676.357,0.016244491017155555
isl32768_osl4_c4,EXTEND,gemm,Cijk_Alik_Bljk_BBS_BH_Bias_HA_S_SAV_UserArgs_MT256x16x128_MI16x16x1_SN_LDSB1_AF…,1.0,8.0,654.5550000000001,81.81937500000001,82.919,654.5550000000001,0.015720858685182908
isl32768_osl4_c4,EXTEND,memcpy,Memcpy DtoD,1.0,179.0,605.305,3.3815921787709495,7.119,605.305,0.0145379904919138
isl32768_osl4_c4,EXTEND,embedding,at::native::vectorized_gather_kernel,1.0,83.0,570.998,6.879493975903615,11.919,570.998,0.013714017718178104
isl32768_osl4_c4,EXTEND,elementwise,at::native::reduce_kernel,1.0,49.0,479.234,9.780285714285714,14.519,479.234,0.011510064075799504
isl32768_osl4_c4,EXTEND,elementwise,at::native::elementwise_kernel_manual_unroll,1.0,52.0,451.39,8.680576923076924,20.879,451.39,0.010841317233700317
isl32768_osl4_c4,EXTEND,moe,_fused_append_shared_experts_with_weights_kernel,1.0,4.0,313.077,78.26925,79.199,313.077,0.007519367012063171
isl32768_osl4_c4,EXTEND,other,ROCPRIM_400200_NS::detail::trampoline_kernel,1.0,84.0,293.278,3.491404761904762,6.559,293.278,0.007043841989554846
isl32768_osl4_c4,EXTEND,other,compute_cuda_kernel,1.0,16.0,278.306,17.394125,19.239,278.306,0.006684250058801038
isl32768_osl4_c4,EXTEND,comm,aiter::allgather_vec,1.0,8.0,231.672,28.959,35.719,231.672,0.005564211981137863
isl32768_osl4_c4,EXTEND,attention,create_flashinfer_kv_indices_triton,1.0,8.0,227.752,28.469,30.759,227.752,0.0054700628782421296
isl32768_osl4_c4,EXTEND,memcpy,Memcpy DtoH,1.0,28.0,105.132,3.754714285714286,6.119,105.132,0.002525021297355683
isl32768_osl4_c4,EXTEND,index_copy,at::native::unrolled_elementwise_kernel,1.0,24.0,93.097,3.8790416666666663,4.599,93.097,0.0022359691408888067
isl32768_osl4_c4,EXTEND,memcpy,Memcpy HtoD,1.0,19.0,80.901,4.2579473684210525,9.439,80.901,0.001943050146267284
isl32768_osl4_c4,EXTEND,elementwise,elementwise_kernel_with_index,1.0,36.0,77.56400000000001,2.1545555555555556,2.479,77.56400000000001,0.001862903320664462
isl32768_osl4_c4,EXTEND,elementwise,at::native::_scatter_gather_elementwise_kernel,1.0,16.0,65.385,4.0865625,4.679,65.385,0.001570392625723865
isl32768_osl4_c4,EXTEND,memset,Memset,1.0,8.0,18.193,2.274125,3.72,18.193,0.00043695271147502137
isl32768_osl4_c4,EXTEND,other,ROCPRIM_400200_NS::detail::init_lookback_scan_state_kernel,1.0,8.0,17.432,2.179,4.159,17.432,0.0004186752963465383
isl32768_osl4_c4,EXTEND,kv_cache,_fused_slot_clear_kernel,1.0,3.0,17.357,5.785666666666667,6.999,17.357,0.0004168739742248087
isl32768_osl4_c8,EXTEND,activation,sgl_hip::activation::act_and_mul_kernel,1.0,480.0,2694984.2819999997,5614.550587499999,541587.73,2694984.2819999997,31.439662893694884
isl32768_osl4_c8,EXTEND,comm,quickreduce::allreduce_prototype_twoshot,1.0,992.0,1693499.603,1707.156857862903,4202.822,1693499.603,19.756351450559634
isl32768_osl4_c8,EXTEND,gemm,Cijk_Alik_Bljk_BBS_BH_Bias_HA_S_SAV_UserArgs_MT256x256x64_MI16x16x1_CMS_SN_LDSB…,1.0,2432.0,857373.463,352.5384305098684,1598.448,857373.463,10.002111266754982
isl32768_osl4_c8,EXTEND,other,chunk_fwd_kernel_o,1.0,360.0,632182.62,1756.0628333333334,560176.266,632182.62,7.375036876023166
isl32768_osl4_c8,EXTEND,linear_attn,chunk_gated_delta_rule_fwd_kernel_h_blockdim64,1.0,360.0,460511.146,1279.1976277777778,1365.727,460511.146,5.3723189725932174
isl32768_osl4_c8,EXTEND,moe,mfma_moe2_afp4_wfp4_bf16_cshuffle_t64x256x256_vscale_fix3_fp4opt_v1_persist_cu2…,1.0,480.0,357129.888,744.0206,799.044,357129.888,4.16627412745074
isl32768_osl4_c8,EXTEND,moe,moe_reduction_kernel_0,1.0,480.0,270068.92,562.6435833333333,586.562,270068.92,3.150621641682826
isl32768_osl4_c8,EXTEND,index_copy,at::native::index_elementwise_kernel,1.0,1594.0,260541.723,163.4515200752823,251676.703,260541.723,3.0394774454059066
isl32768_osl4_c8,EXTEND,attention,aiter::fmha_fwd_hd256_fp8_causal_group_gfx950,1.0,128.0,260473.966,2034.952859375,3200.216,260473.966,3.038686992840778
isl32768_osl4_c8,EXTEND,moe,mfma_moe1_silu_mul_afp4_wfp4_bf16_t128x128x256_pm1_async_xcd4_v32,1.0,480.0,234052.454,487.6092791666667,514.762,234052.454,2.730453866595883
isl32768_osl4_c8,EXTEND,norm,_gemma_fused_add_rmsnorm_kernel,1.0,976.0,177854.784,182.22826229508198,195.36,177854.784,2.07485234342117
isl32768_osl4_c8,EXTEND,linear_attn,_fused_gate_sigmoid_mul_add_kernel,1.0,480.0,87022.636,181.29715833333333,193.52,87022.636,1.015205304993581
isl32768_osl4_c8,EXTEND,linear_attn,_causal_conv1d_fwd_kernel,1.0,360.0,82420.487,228.9457972222222,345.001,82420.487,0.9615166752999124
isl32768_osl4_c8,EXTEND,moe,ck::kernel_moe_gemm_2lds,1.0,16.0,50282.858,3142.678625,4576.424,50282.858,0.5865993784862932
isl32768_osl4_c8,EXTEND,quant,aiter::dynamic_per_group_scaled_quant_kernel,1.0,960.0,48326.672,50.34028333333333,73.32,48326.672,0.5637785298423361
isl32768_osl4_c8,EXTEND,linear_attn,chunk_gated_delta_rule_fwd_kkt_solve_kernel,1.0,360.0,48048.217,133.46726944444444,157.319,48048.217,0.5605300762652461
isl32768_osl4_c8,EXTEND,elementwise,fused_qkvzba_split_reshape_cat_contiguous_kernel,1.0,360.0,47899.219,133.0533861111111,140.36,47899.219,0.5587918669097696
isl32768_osl4_c8,EXTEND,linear_attn,recompute_w_u_fwd_kernel,1.0,360.0,45793.939,127.20538611111111,137.6,45793.939,0.5342316889751816
isl32768_osl4_c8,EXTEND,norm,_fused_qk_gemma_rmsnorm_gate_kernel,1.0,128.0,32640.695,255.0054296875,288.16,32640.695,0.3807860603381108
isl32768_osl4_c8,EXTEND,moe,aiter::opus_moe_sorting_entry,1.0,1952.0,30170.335,15.456114241803279,106.799,30170.335,0.3519668623395126
isl32768_osl4_c8,EXTEND,moe,aiter::mxfp4_moe_sort_kernel,1.0,960.0,27588.772,28.73830416666667,54.079,27588.772,0.3218503711225016
isl32768_osl4_c8,EXTEND,norm,_layer_norm_fwd_1pass_kernel,1.0,360.0,26437.017,73.43615833333334,77.639,26437.017,0.30841400743831165
isl32768_osl4_c8,EXTEND,linear_attn,fused_qkv_split_gdn_prefill_kernel,1.0,360.0,22213.563,61.704341666666664,67.44,22213.563,0.2591432302787188
isl32768_osl4_c8,EXTEND,moe,vllm::moe::topkGatingSoftmax,1.0,488.0,17865.435,36.60949795081967,39.119,17865.435,0.2084180073333793
isl32768_osl4_c8,EXTEND,gemm,Cijk_Alik_Bljk_BBS_BH_Bias_HA_S_SAV_UserArgs_MT32x192x128_MI16x16x1_SN_LDSB1_AF…,1.0,315.0,13731.041,43.59060634920635,46.799,13731.041,0.1601862033492569
isl32768_osl4_c8,EXTEND,other,_triton_mrope_forward_fused,1.0,120.0,13198.666,109.98888333333333,120.44,13198.666,0.15397552128894837
isl32768_osl4_c8,EXTEND,linear_attn,l2norm_fwd_kernel,1.0,720.0,11842.754,16.448269444444445,18.76,11842.754,0.1381574638411775
isl32768_osl4_c8,EXTEND,index_copy,at::native::vectorized_elementwise_kernel,1.0,768.0,10982.013,14.299496093750001,20.359,10982.013,0.12811606691744515
isl32768_osl4_c8,EXTEND,activation,_fused_sigmoid_mul_kernel,1.0,128.0,8134.635,63.5518359375,68.119,8134.635,0.09489858025199856
isl32768_osl4_c8,EXTEND,linear_attn,fused_gdn_gating_kernel,1.0,360.0,6547.59,18.18775,20.679,6547.59,0.07638412726227829
isl32768_osl4_c8,EXTEND,quant,at::native::vectorized_elementwise_kernel,1.0,320.0,5905.834,18.45573125,40.919,5905.834,0.06889740741950703
isl32768_osl4_c8,EXTEND,other,chunk_local_cumsum_scalar_kernel,1.0,360.0,5269.983,14.638841666666668,19.839,5269.983,0.06147957525471864
isl32768_osl4_c8,EXTEND,norm,_gemma_rmsnorm_kernel,1.0,32.0,4740.075,148.12734375,159.84,4740.075,0.055297673194678314
isl32768_osl4_c8,EXTEND,index_copy,at::native::CatArrayBatchedCopy_contig,1.0,32.0,3617.388,113.043375,422.002,3617.388,0.042200416542428336
isl32768_osl4_c8,EXTEND,attention,reshape_and_cache_flash,1.0,128.0,3008.651,23.5050859375,27.159,3008.651,0.0350988960627927
isl32768_osl4_c8,EXTEND,index_copy,at::native::elementwise_kernel_manual_unroll,1.0,509.0,2894.705,5.687043222003929,13.319,2894.705,0.033769603030543036
isl32768_osl4_c8,EXTEND,elementwise,at::native::vectorized_elementwise_kernel,1.0,624.0,2500.987,4.007991987179487,10.8,2500.987,0.029176492310804988
isl32768_osl4_c8,EXTEND,gemm,Cijk_Alik_Bljk_BBS_BH_Bias_HA_S_SAV_UserArgs_MT32x224x128_MI16x16x1_SN_LDSB1_AF…,1.0,45.0,2005.049,44.556644444444444,46.559,2005.049,0.023390883971522933
isl32768_osl4_c8,EXTEND,index_copy,at::native::CatArrayBatchedCopy,1.0,16.0,1473.873,92.1170625,161.8,1473.873,0.01719418943465243
isl32768_osl4_c8,EXTEND,embedding,_vocab_parallel_embedding_kernel,1.0,16.0,1349.791,84.3619375,87.519,1349.791,0.015746649915690795
isl32768_osl4_c8,EXTEND,gemm,Cijk_Alik_Bljk_BBS_BH_Bias_HA_S_SAV_UserArgs_MT256x16x128_MI16x16x1_SN_LDSB1_AF…,1.0,16.0,1310.748,81.92175,87.399,1310.748,0.015291174621620591
isl32768_osl4_c8,EXTEND,memcpy,Memcpy DtoD,1.0,342.0,1169.622,3.419947368421053,7.759,1169.622,0.013644799948799554
isl32768_osl4_c8,EXTEND,embedding,at::native::vectorized_gather_kernel,1.0,166.0,1155.005,6.957861445783133,12.039,1155.005,0.013474278155560711
isl32768_osl4_c8,EXTEND,elementwise,at::native::reduce_kernel,1.0,114.0,1085.294,9.520122807017545,15.519,1085.294,0.012661030243644924
isl32768_osl4_c8,EXTEND,elementwise,at::native::elementwise_kernel_manual_unroll,1.0,104.0,903.898,8.691326923076923,21.599,903.898,0.010544866105562326
isl32768_osl4_c8,EXTEND,moe,_fused_append_shared_experts_with_weights_kernel,1.0,8.0,630.036,78.7545,81.439,630.036,0.007349994426012741
isl32768_osl4_c8,EXTEND,other,ROCPRIM_400200_NS::detail::trampoline_kernel,1.0,168.0,578.034,3.4406785714285713,6.479,578.034,0.0067433395520983715
isl32768_osl4_c8,EXTEND,other,compute_cuda_kernel,1.0,32.0,546.372,17.074125,20.439,546.372,0.006373970939008935
isl32768_osl4_c8,EXTEND,comm,aiter::allgather_vec,1.0,16.0,507.267,31.7041875,37.759,507.267,0.005917772353484889
isl32768_osl4_c8,EXTEND,attention,create_flashinfer_kv_indices_triton,1.0,16.0,476.026,29.751625,32.159,476.026,0.005553315122686865
isl32768_osl4_c8,EXTEND,memcpy,Memcpy DtoH,1.0,56.0,228.224,4.075428571428572,6.719,228.224,0.002662459173574735
isl32768_osl4_c8,EXTEND,index_copy,at::native::unrolled_elementwise_kernel,1.0,48.0,186.633,3.8881875000000004,4.559,186.633,0.0021772589339498633
isl32768_osl4_c8,EXTEND,memcpy,Memcpy HtoD,1.0,39.0,168.202,4.3128717948717945,8.759,168.202,0.001962243050308546
isl32768_osl4_c8,EXTEND,elementwise,elementwise_kernel_with_index,1.0,72.0,153.929,2.1379027777777777,2.559,153.929,0.0017957343580394063
isl32768_osl4_c8,EXTEND,elementwise,at::native::_scatter_gather_elementwise_kernel,1.0,32.0,137.12800000000001,4.2852500000000004,4.759,137.12800000000001,0.0015997340400394188
isl32768_osl4_c8,EXTEND,kv_cache,_fused_slot_clear_kernel,1.0,7.0,38.073,5.439,6.599,38.073,0.00044415928261493494
isl32768_osl4_c8,EXTEND,memset,Memset,1.0,16.0,33.144,2.0715,2.399,33.144,0.0003866576120344969
isl32768_osl4_c8,EXTEND,other,ROCPRIM_400200_NS::detail::init_lookback_scan_state_kernel,1.0,16.0,31.504,1.969,2.319,31.504,0.0003675253864812573
