"Kind","Operation","Agent_Id","Allocation_Size","Address","Correlation_Id","Start_Timestamp","End_Timestamp"
"MEMORY_ALLOCATION","MEMORY_ALLOCATION_ALLOCATE","Agent 1",224,"0x00007fba0002a000",136908,2546784687848784,2546784687872334
"MEMORY_ALLOCATION","MEMORY_ALLOCATION_ALLOCATE","Agent 2",201326592,"0x00007f96f2000000",137008,2546786954123233,2546786954260641
"MEMORY_ALLOCATION","MEMORY_ALLOCATION_ALLOCATE","Agent 2",4194304,"0x00007f96e6800000",137111,2546786978863797,2546786978883196
"MEMORY_ALLOCATION","MEMORY_ALLOCATION_ALLOCATE","Agent 1",16777216,"0x00007f96e5600000",137245,2546786987888872,2546786990939241
"MEMORY_ALLOCATION","MEMORY_ALLOCATION_ALLOCATE","Agent 2",2097152,"0x00007f96e5200000",137276,2546786997875871,2546786997909661
"MEMORY_ALLOCATION","MEMORY_ALLOCATION_ALLOCATE","Agent 2",23068672,"0x00007f96e2e00000",138192,2546787026695507,2546787026727037
"MEMORY_ALLOCATION","MEMORY_ALLOCATION_ALLOCATE","Agent 2",23068672,"0x00007f96e1600000",138223,2546787026834816,2546787026851045
"MEMORY_ALLOCATION","MEMORY_ALLOCATION_ALLOCATE","Agent 2",201326592,"0x00007f96ce200000",172366,2546787715319004,2546787715351784
"MEMORY_ALLOCATION","MEMORY_ALLOCATION_ALLOCATE","Agent 2",201326592,"0x00007f96c2000000",172422,2546788912219810,2546788912261489
"MEMORY_ALLOCATION","MEMORY_ALLOCATION_ALLOCATE","Agent 2",201326592,"0x00007f96b5e00000",172460,2546788912464788,2546788912496908
"MEMORY_ALLOCATION","MEMORY_ALLOCATION_ALLOCATE","Agent 2",201326592,"0x00007f96a9c00000",172495,2546790562352756,2546790562401696
"MEMORY_ALLOCATION","MEMORY_ALLOCATION_ALLOCATE","Agent 2",100663296,"0x00007f96a2e00000",174206,2546790610083967,2546790610117537
"MEMORY_ALLOCATION","MEMORY_ALLOCATION_ALLOCATE","Agent 2",100663296,"0x00007f969cc00000",174225,2546790610185536,2546790610201706
"MEMORY_ALLOCATION","MEMORY_ALLOCATION_ALLOCATE","Agent 1",1,"0x00007f970de1e000",174560,2546790622461619,2546790622486839
"MEMORY_ALLOCATION","MEMORY_ALLOCATION_ALLOCATE","Agent 2",201326592,"0x00007f9690600000",174910,2546790624153037,2546790624194597
"MEMORY_ALLOCATION","MEMORY_ALLOCATION_ALLOCATE","Agent 2",201326592,"0x00007f9684400000",174929,2546790624250746,2546790624271156
"MEMORY_ALLOCATION","MEMORY_ALLOCATION_ALLOCATE","Agent 2",100663296,"0x00007f967d600000",176379,2546790651217814,2546790651258184
"MEMORY_ALLOCATION","MEMORY_ALLOCATION_ALLOCATE","Agent 2",402653184,"0x00007f9664400000",178381,2546790693345095,2546790693385405
"MEMORY_ALLOCATION","MEMORY_ALLOCATION_ALLOCATE","Agent 2",402653184,"0x00007f964ba00000",179818,2546790722136861,2546790722167181
"MEMORY_ALLOCATION","MEMORY_ALLOCATION_ALLOCATE","Agent 2",402653184,"0x00007f9633800000",179840,2546790722265460,2546790722296389
"MEMORY_ALLOCATION","MEMORY_ALLOCATION_ALLOCATE","Agent 1",4,"0x00007f96f1ff6000",180164,2546790734717771,2546790734732361
"MEMORY_ALLOCATION","MEMORY_ALLOCATION_ALLOCATE","Agent 2",4194304,"0x00007f9627c00000",180212,2546790748079506,2546790748095136
"MEMORY_ALLOCATION","MEMORY_ALLOCATION_ALLOCATE","Agent 1",16777216,"0x00007f9626a00000",180298,2546790748267435,2546790751269124
"MEMORY_ALLOCATION","MEMORY_ALLOCATION_ALLOCATE","Agent 2",201326592,"0x00007f961a800000",180344,2546790762881561,2546790762913701
"MEMORY_ALLOCATION","MEMORY_ALLOCATION_FREE","",0,"0x00007f967d600000",180437,2546790763846174,2546790764101582
"MEMORY_ALLOCATION","MEMORY_ALLOCATION_FREE","",0,"0x00007f969cc00000",180439,2546790764110912,2546790764272021
"MEMORY_ALLOCATION","MEMORY_ALLOCATION_FREE","",0,"0x00007f96a2e00000",180441,2546790764276031,2546790764429220
"MEMORY_ALLOCATION","MEMORY_ALLOCATION_FREE","",0,"0x00007f9684400000",180443,2546790764433680,2546790764584389
"MEMORY_ALLOCATION","MEMORY_ALLOCATION_FREE","",0,"0x00007f9690600000",180445,2546790764588139,2546790764743788
"MEMORY_ALLOCATION","MEMORY_ALLOCATION_FREE","",0,"0x00007f96a9c00000",180447,2546790764748338,2546790764906447
"MEMORY_ALLOCATION","MEMORY_ALLOCATION_FREE","",0,"0x00007f96b5e00000",180449,2546790764911107,2546790765071416
"MEMORY_ALLOCATION","MEMORY_ALLOCATION_FREE","",0,"0x00007f9633800000",180451,2546790765075196,2546790765231924
"MEMORY_ALLOCATION","MEMORY_ALLOCATION_FREE","",0,"0x00007f964ba00000",180453,2546790765235284,2546790765390363
"MEMORY_ALLOCATION","MEMORY_ALLOCATION_FREE","",0,"0x00007f9664400000",180455,2546790765394103,2546790765549612
"MEMORY_ALLOCATION","MEMORY_ALLOCATION_FREE","",0,"0x00007f961a800000",180457,2546790765552502,2546790765707851
"MEMORY_ALLOCATION","MEMORY_ALLOCATION_ALLOCATE","Agent 2",2097152,"0x00007f96c1c00000",180473,2546790765770251,2546790765793540
"MEMORY_ALLOCATION","MEMORY_ALLOCATION_ALLOCATE","Agent 2",201326592,"0x00007f969ce00000",180517,2546790765913990,2546790765933710
"MEMORY_ALLOCATION","MEMORY_ALLOCATION_ALLOCATE","Agent 2",131200,"0x00007f96f1f20000",180535,2546790766083428,2546790766418936
"MEMORY_ALLOCATION","MEMORY_ALLOCATION_ALLOCATE","Agent 2",201326592,"0x00007f9690600000",180606,2546790766639905,2546790766663534
"MEMORY_ALLOCATION","MEMORY_ALLOCATION_ALLOCATE","Agent 2",100663296,"0x00007f96bba00000",180639,2546790766765224,2546790766781904
"MEMORY_ALLOCATION","MEMORY_ALLOCATION_ALLOCATE","Agent 2",100663296,"0x00007f96afc00000",180662,2546790766822203,2546790766836363
"MEMORY_ALLOCATION","MEMORY_ALLOCATION_ALLOCATE","Agent 2",201326592,"0x00007f9684400000",181045,2546790768072164,2546790768102124
"MEMORY_ALLOCATION","MEMORY_ALLOCATION_ALLOCATE","Agent 2",201326592,"0x00007f9670400000",181064,2546790768133734,2546790768148414
"MEMORY_ALLOCATION","MEMORY_ALLOCATION_ALLOCATE","Agent 2",100663296,"0x00007f967d600000",181163,2546790768415362,2546790768448372
"MEMORY_ALLOCATION","MEMORY_ALLOCATION_ALLOCATE","Agent 2",402653184,"0x00007f964ba00000",181359,2546790769664923,2546790769690433
"MEMORY_ALLOCATION","MEMORY_ALLOCATION_ALLOCATE","Agent 2",402653184,"0x00007f9633800000",181381,2546790769724952,2546790769742372
"MEMORY_ALLOCATION","MEMORY_ALLOCATION_ALLOCATE","Agent 2",402653184,"0x00007f960e800000",181403,2546790769769192,2546790769785742
"MEMORY_ALLOCATION","MEMORY_ALLOCATION_ALLOCATE","Agent 2",4194304,"0x00007f96bb000000",181521,2546790781050792,2546790781064792
"MEMORY_ALLOCATION","MEMORY_ALLOCATION_ALLOCATE","Agent 1",16777216,"0x00007f96b9e00000",181607,2546790781212041,2546790784178360
"MEMORY_ALLOCATION","MEMORY_ALLOCATION_ALLOCATE","Agent 2",201326592,"0x00007f9602600000",181653,2546790790153138,2546790790186627
"MEMORY_ALLOCATION","MEMORY_ALLOCATION_FREE","",0,"0x00007f967d600000",181734,2546790790807183,2546790790987981
"MEMORY_ALLOCATION","MEMORY_ALLOCATION_FREE","",0,"0x00007f96afc00000",181736,2546790790994581,2546790791155511
"MEMORY_ALLOCATION","MEMORY_ALLOCATION_FREE","",0,"0x00007f96bba00000",181738,2546790791159031,2546790791332819
"MEMORY_ALLOCATION","MEMORY_ALLOCATION_FREE","",0,"0x00007f9670400000",181740,2546790791336389,2546790792367032
"MEMORY_ALLOCATION","MEMORY_ALLOCATION_FREE","",0,"0x00007f9684400000",181742,2546790792370452,2546790792530281
"MEMORY_ALLOCATION","MEMORY_ALLOCATION_FREE","",0,"0x00007f9690600000",181744,2546790792533891,2546790792694349
"MEMORY_ALLOCATION","MEMORY_ALLOCATION_FREE","",0,"0x00007f960e800000",181746,2546790792698109,2546790792857668
"MEMORY_ALLOCATION","MEMORY_ALLOCATION_FREE","",0,"0x00007f9633800000",181748,2546790792861488,2546790793018277
"MEMORY_ALLOCATION","MEMORY_ALLOCATION_FREE","",0,"0x00007f964ba00000",181750,2546790793021787,2546790793176126
"MEMORY_ALLOCATION","MEMORY_ALLOCATION_FREE","",0,"0x00007f9602600000",181752,2546790793179486,2546790793335325
"MEMORY_ALLOCATION","MEMORY_ALLOCATION_ALLOCATE","Agent 2",201326592,"0x00007f9690600000",181797,2546790793614893,2546790793644703
"MEMORY_ALLOCATION","MEMORY_ALLOCATION_ALLOCATE","Agent 2",131328,"0x00007f96f1dc0000",181811,2546790793746852,2546790793866111
"MEMORY_ALLOCATION","MEMORY_ALLOCATION_ALLOCATE","Agent 2",201326592,"0x00007f9684400000",181883,2546790794264148,2546790794289958
"MEMORY_ALLOCATION","MEMORY_ALLOCATION_ALLOCATE","Agent 2",100663296,"0x00007f96bba00000",181916,2546790794362957,2546790794379257
"MEMORY_ALLOCATION","MEMORY_ALLOCATION_ALLOCATE","Agent 2",100663296,"0x00007f96afc00000",181935,2546790794422257,2546790794439437
"MEMORY_ALLOCATION","MEMORY_ALLOCATION_ALLOCATE","Agent 2",201326592,"0x00007f9670400000",182318,2546790796391273,2546790796418273
"MEMORY_ALLOCATION","MEMORY_ALLOCATION_ALLOCATE","Agent 2",201326592,"0x00007f9657a00000",182337,2546790796500892,2546790796517232
"MEMORY_ALLOCATION","MEMORY_ALLOCATION_ALLOCATE","Agent 2",100663296,"0x00007f967d600000",182440,2546790797001819,2546790797024609
"MEMORY_ALLOCATION","MEMORY_ALLOCATION_ALLOCATE","Agent 2",402653184,"0x00007f963f800000",182640,2546790797909283,2546790797934922
"MEMORY_ALLOCATION","MEMORY_ALLOCATION_ALLOCATE","Agent 2",402653184,"0x00007f960e800000",182662,2546790797972052,2546790797990622
"MEMORY_ALLOCATION","MEMORY_ALLOCATION_ALLOCATE","Agent 2",402653184,"0x00007f95f6600000",182684,2546790798020651,2546790798120371
"MEMORY_ALLOCATION","MEMORY_ALLOCATION_FREE","",0,"0x00007f96f1f20000",183365,2546790801307768,2546790801491677
"MEMORY_ALLOCATION","MEMORY_ALLOCATION_FREE","",0,"0x00007f96f1dc0000",183372,2546790801509717,2546790801676946
